wasm_file_name,source_file,malware_type,paper,origin
426e44e4c59eab5caeb33b5f0ab569c54fcba00a88def98a0ffacc0eedc59ad5.wasm,javascript,unknown,no,Malware Bazaar
9bf02de6daa7050053fecedce07fd73aa8b5406ff9fc63d3fd806b8a6e4f0384.wasm,javascript,unknown,no,Malware Bazaar
dc7d0427f01e02a7752db8ac7aa6f77caf8dc83896b74b3cf6999fcba3288020.wasm,javascript,unknown,no,Malware Bazaar
923b51a8e59ac5dc4db026988ec3f205f21cbb6590cd14b0e68b9cb0d8114ad7.wasm,javascript,unknown,no,Malware Bazaar
a313e0c456b2f0bc4ae15dc052990adf4084cb5bd1585fa55c1fb2d07e031539.wasm,javascript,unknown,no,Malware Bazaar
28a97abb899a7f3daf938ba7b89c32e08dec0cfcdd8d3d478cd97cb5e955e08a.wasm,javascript,unknown,no,Malware Bazaar
de28be21a2317222e29aba5e7796ba45590674b864f3058f7839e447f5be6991.wasm,javascript,unknown,no,Malware Bazaar
6de8ad4182f78d8a1735e8775e91afb7cabc2e489347ef0d5e0b5d855377e95c.wasm,javascript,unknown,no,Malware Bazaar
df487012423e08a9a631e234caabdacbecbd10c4593483af568855ff9930c69f.wasm,javascript,unknown,no,Malware Bazaar
74290592dacffc76566bd96f54da0d4a2cec1d6744f6c27ff5cbdff2eb13774a.wasm,javascript,unknown,no,Malware Bazaar
d49b8af9259923b75fbd0445b804ab36eefdbbbb5b536b0158f8183371d2ae75.wasm,javascript,unknown,no,Malware Bazaar
92660c42d00756bde10298b486e64445d8de7e8e973f0a20938af3f3bb7cb42c.wasm,javascript,unknown,no,Malware Bazaar
e65ce3a0a794d29433f6a5bd6b0e75890191f6b227a8a0605b13c530e38805bc.wasm,javascript,unknown,no,Malware Bazaar
1376e2994822a7fc817e50442597a2e1ef8ecb4e684992f6a890028e55f2b916.wasm,javascript,unknown,no,Malware Bazaar
60667b8d0b8ed46c3b023dfec70fad2f24cb4bdd15060db90e6176e67ca09c76.wasm,javascript,unknown,no,Malware Bazaar
5b9a611f5ca531f0794cf9601360e1414c72079689ce107c2ebf4c5bb6fc5f8d.wasm,javascript,unknown,no,Malware Bazaar
14ba8ae66ed1432adbcc5960be437b826af7ffb9eacde05f97cce176a3dd1b1b.wasm,javascript,unknown,no,Malware Bazaar
1e93ac50d985016adb746750e1e53a686b3dadbe5f5dc52fd3ec9be6c9e4e384.wasm,javascript,unknown,no,Malware Bazaar
fdb2ff6bc973aa53c7a26e1c84d2c73c5ca7b5b6039805a52b1e45f7c919c858.wasm,javascript,unknown,no,Malware Bazaar
f701462f86d070b096c213dc2d3ee698a01639037c9c511a71f086ea3c1593f5.wasm,javascript,unknown,no,Malware Bazaar
364cc68c3148bf4509aac0afed0a5b6daff7e9c39b14349e662095b7c86dde0f.wasm,javascript,unknown,no,Malware Bazaar
d4aed31209386aa808411ba641dadd0fd33a895cac05f1700468e9853cfc1cd9.wasm,javascript,unknown,no,Malware Bazaar
16b4696932ba35ea1840d7b8145bcc48550447c7880ae0c4148637d9b813b4ea.wasm,javascript,unknown,no,Malware Bazaar
0ddb41d167fe62c5a1ccf2a783d27a54c38f68d0466c41d6b84ba2b78746b538.wasm,javascript,unknown,no,Malware Bazaar
da135dbe63cea0a7437a04319e45dbdbffd22b1c27dc2c50d334a3117af6bb1a.wasm,javascript,unknown,no,Malware Bazaar
7f38be2593e003aaac7adcd4ee19587d85f62b32821cad87ca784f5abf1269e6.wasm,javascript,unknown,no,Malware Bazaar
2899208ee77af2f7505c9df3e2622f133086523b8a463f3fe7e5fdbaabdddef2.wasm,javascript,unknown,no,Malware Bazaar
ea0d066ebf9c3ce8655319599cf1651988b7622371178730216b519a31ac2246.wasm,javascript,unknown,no,Malware Bazaar
554ddcf3fa2e705acf26366e8f81165c94f38a51d3e159a7f25666ae7e166c97.wasm,javascript,unknown,no,Malware Bazaar
c56b0a3ef4ee4152732305001c27485fa602aec2243ba238c729c049b94c8517.wasm,javascript,unknown,no,Malware Bazaar
e60e527d07220d6220935a9d47478d2bf9cc550b7a32e9944ea44e32d9e3aa8f.wasm,javascript,unknown,no,Malware Bazaar
5142dcace68939f97e84a5e5cc8f039d17b5590528acb8b2eccedaddb943dae4.wasm,javascript,unknown,no,Malware Bazaar
2e2b3b66961445c504f5558624aa96b609a9860d2f22d88746d2f55bbb3769a0.wasm,javascript,unknown,no,Malware Bazaar
1d569e908a20dfa7b575fed3bfe8579c28a618863989bd442523491cd4c6228d.wasm,javascript,unknown,no,Malware Bazaar
ad0bd346d93e5c9b3d8b6c3513406ba3eee0dbc2f8f60730fa1496ee0c8be2ce.wasm,javascript,unknown,no,Malware Bazaar
46d62892a604dbe0d4a7dc04f8474c390420dbd2e4e1d893cce5b17b524f50af.wasm,javascript,unknown,no,Malware Bazaar
f917f31216deb0765e687fed60323e7b6a317002febb1e2b0b6999baff8690ba.wasm,javascript,unknown,no,Malware Bazaar
754f5387e3aa9ce3cb70c439f7085deed8820e3b5b929e1da747f995d19398a5.wasm,javascript,unknown,no,Malware Bazaar
0a2b59698651ff2b7b94bc9b41fd04482eb5a2e78242227caf3c59c7ce21284b.wasm,javascript,unknown,no,Malware Bazaar
e8e57c628046b72fb5240879e62493d4af8ad86a2633c6b38381ff750278b5db.wasm,javascript,unknown,no,Malware Bazaar
8044220d34e77501df4a9831ac27802261ea2309f104bb49ac00301df36dee72.wasm,javascript,unknown,no,Malware Bazaar
a6f004278cbe0c84fe811c8ddb9022ae8b7a695d83660e11357f3f1d24eba442.wasm,javascript,unknown,no,Malware Bazaar
46dce55154151ff0442aacf8fa6c4992128991ac5f404b8774514f7b5a2cca84.wasm,javascript,unknown,no,Malware Bazaar
9690ebb923acd798749d7bc2d1cee17d7c1899cf696558e440ecd2482907fddc.wasm,javascript,unknown,no,Malware Bazaar
b591c820d8a656f933ddd94cd3243869043a36ef8d186316335449c1f3cc1f60.wasm,javascript,unknown,no,Malware Bazaar
8d06f8c4a583736bb005216551a0e9a146d50afe8bdf0cf2ab1e37aceb98c4bf.wasm,javascript,unknown,no,Malware Bazaar
8088784a924870c55896833073ab4941a4cb55bee5ddfb90fb5638d07302ac9c.wasm,javascript,unknown,no,Malware Bazaar
88fc9e9bbaf65fe3c0ca642fc83bb3e38fc84adf74cb268117da258da2980376.wasm,javascript,unknown,no,Malware Bazaar
7156f04074bfa5dc.ok_obfuscated.wasm,unknown,cryptojacking,yes,MinerRay: Semantics-Aware Analysis for Ever-Evolving Cryptojacking Detection
c2a98c72b25b1562.ok_obfuscated.wasm,unknown,cryptojacking,yes,MinerRay: Semantics-Aware Analysis for Ever-Evolving Cryptojacking Detection
1368592704046297.ok_obfuscated.wasm,unknown,cryptojacking,yes,MinerRay: Semantics-Aware Analysis for Ever-Evolving Cryptojacking Detection
4aa86dce55ade45f.ok_obfuscated.wasm,unknown,cryptojacking,yes,MinerRay: Semantics-Aware Analysis for Ever-Evolving Cryptojacking Detection
376a2f1c703cb04a.ok_obfuscated.wasm,unknown,cryptojacking,yes,MinerRay: Semantics-Aware Analysis for Ever-Evolving Cryptojacking Detection
86d4e4fa225b88c7.ok_obfuscated.wasm,unknown,cryptojacking,yes,MinerRay: Semantics-Aware Analysis for Ever-Evolving Cryptojacking Detection
4a7615b7dabc76b1.ok_obfuscated.wasm,unknown,cryptojacking,yes,MinerRay: Semantics-Aware Analysis for Ever-Evolving Cryptojacking Detection
b60176457653af84.ok_obfuscated.wasm,unknown,cryptojacking,yes,MinerRay: Semantics-Aware Analysis for Ever-Evolving Cryptojacking Detection
3a442686a0a46aed.ok_obfuscated.wasm,unknown,cryptojacking,yes,MinerRay: Semantics-Aware Analysis for Ever-Evolving Cryptojacking Detection
52cd3b5410e1bb7d.ok_obfuscated.wasm,unknown,cryptojacking,yes,MinerRay: Semantics-Aware Analysis for Ever-Evolving Cryptojacking Detection
e34aced41597fc0d.ok_obfuscated.wasm,unknown,cryptojacking,yes,MinerRay: Semantics-Aware Analysis for Ever-Evolving Cryptojacking Detection
703a010742a9c869.ok_obfuscated.wasm,unknown,cryptojacking,yes,MinerRay: Semantics-Aware Analysis for Ever-Evolving Cryptojacking Detection
01871a765ccd1a4a.ok_obfuscated.wasm,unknown,cryptojacking,yes,MinerRay: Semantics-Aware Analysis for Ever-Evolving Cryptojacking Detection
7c292207fc405aa5.ok_obfuscated.wasm,unknown,cryptojacking,yes,MinerRay: Semantics-Aware Analysis for Ever-Evolving Cryptojacking Detection
fb2ec304b9c56d83.ok_obfuscated.wasm,unknown,cryptojacking,yes,MinerRay: Semantics-Aware Analysis for Ever-Evolving Cryptojacking Detection
06503774d1e563b2.ok_obfuscated.wasm,unknown,cryptojacking,yes,MinerRay: Semantics-Aware Analysis for Ever-Evolving Cryptojacking Detection
0449c7f479a9a802.ok_obfuscated.wasm,unknown,cryptojacking,yes,MinerRay: Semantics-Aware Analysis for Ever-Evolving Cryptojacking Detection
44c32b98922174e3.ok_obfuscated.wasm,unknown,cryptojacking,yes,MinerRay: Semantics-Aware Analysis for Ever-Evolving Cryptojacking Detection
b0a0d6a9faf2c91e.ok_obfuscated.wasm,unknown,cryptojacking,yes,MinerRay: Semantics-Aware Analysis for Ever-Evolving Cryptojacking Detection
e30fb31c197cd68e.ok_obfuscated.wasm,unknown,cryptojacking,yes,MinerRay: Semantics-Aware Analysis for Ever-Evolving Cryptojacking Detection
8182bf53f90bebd1.ok_obfuscated.wasm,unknown,cryptojacking,yes,MinerRay: Semantics-Aware Analysis for Ever-Evolving Cryptojacking Detection
2d91d87f7e5149af.ok_obfuscated.wasm,unknown,cryptojacking,yes,MinerRay: Semantics-Aware Analysis for Ever-Evolving Cryptojacking Detection
b4a0dddbcd2d4bee.ok_obfuscated.wasm,unknown,cryptojacking,yes,MinerRay: Semantics-Aware Analysis for Ever-Evolving Cryptojacking Detection
651ee08c63b86750.ok_obfuscated.wasm,unknown,cryptojacking,yes,MinerRay: Semantics-Aware Analysis for Ever-Evolving Cryptojacking Detection
f658be9765377e45.ok_obfuscated.wasm,unknown,cryptojacking,yes,MinerRay: Semantics-Aware Analysis for Ever-Evolving Cryptojacking Detection
56157e5740de15c8.ok_obfuscated.wasm,unknown,cryptojacking,yes,MinerRay: Semantics-Aware Analysis for Ever-Evolving Cryptojacking Detection
2c98a924950a5a5f.ok_obfuscated.wasm,unknown,cryptojacking,yes,MinerRay: Semantics-Aware Analysis for Ever-Evolving Cryptojacking Detection
d790731c2ef09526.ok_obfuscated.wasm,unknown,cryptojacking,yes,MinerRay: Semantics-Aware Analysis for Ever-Evolving Cryptojacking Detection
55c17e065c86d4f1.ok_obfuscated.wasm,unknown,cryptojacking,yes,MinerRay: Semantics-Aware Analysis for Ever-Evolving Cryptojacking Detection
648e748637ee1caa.ok_obfuscated.wasm,unknown,cryptojacking,yes,MinerRay: Semantics-Aware Analysis for Ever-Evolving Cryptojacking Detection
a0f41a995aabe300.ok_obfuscated.wasm,unknown,cryptojacking,yes,MinerRay: Semantics-Aware Analysis for Ever-Evolving Cryptojacking Detection
f046483e793a6f39.ok_obfuscated.wasm,unknown,cryptojacking,yes,MinerRay: Semantics-Aware Analysis for Ever-Evolving Cryptojacking Detection
546fa61a0cdbbf65.ok_obfuscated.wasm,unknown,cryptojacking,yes,MinerRay: Semantics-Aware Analysis for Ever-Evolving Cryptojacking Detection
dd3647ef1aaa6076.ok_obfuscated.wasm,unknown,cryptojacking,yes,MinerRay: Semantics-Aware Analysis for Ever-Evolving Cryptojacking Detection
98912e9b9ea11305.ok_obfuscated.wasm,unknown,cryptojacking,yes,MinerRay: Semantics-Aware Analysis for Ever-Evolving Cryptojacking Detection
8146b8dd990acd76.ok_obfuscated.wasm,unknown,cryptojacking,yes,MinerRay: Semantics-Aware Analysis for Ever-Evolving Cryptojacking Detection
81510c9565779b86.ok_obfuscated.wasm,unknown,cryptojacking,yes,MinerRay: Semantics-Aware Analysis for Ever-Evolving Cryptojacking Detection
6762ccacbe2dcc24.ok_obfuscated.wasm,unknown,cryptojacking,yes,MinerRay: Semantics-Aware Analysis for Ever-Evolving Cryptojacking Detection
78067f4b558d32a1.ok_obfuscated.wasm,unknown,cryptojacking,yes,MinerRay: Semantics-Aware Analysis for Ever-Evolving Cryptojacking Detection
91ac1ff8caeae70f.ok_obfuscated.wasm,unknown,cryptojacking,yes,MinerRay: Semantics-Aware Analysis for Ever-Evolving Cryptojacking Detection
140488642b4f1b8e.ok_obfuscated.wasm,unknown,cryptojacking,yes,MinerRay: Semantics-Aware Analysis for Ever-Evolving Cryptojacking Detection
f87795b6c6dc626a.ok_obfuscated.wasm,unknown,cryptojacking,yes,MinerRay: Semantics-Aware Analysis for Ever-Evolving Cryptojacking Detection
5ca7fb26d8809871.ok_obfuscated.wasm,unknown,cryptojacking,yes,MinerRay: Semantics-Aware Analysis for Ever-Evolving Cryptojacking Detection
c47a30f74dd6d1ce.ok_obfuscated.wasm,unknown,cryptojacking,yes,MinerRay: Semantics-Aware Analysis for Ever-Evolving Cryptojacking Detection
f1a47c941b7c4a10.ok_obfuscated.wasm,unknown,cryptojacking,yes,MinerRay: Semantics-Aware Analysis for Ever-Evolving Cryptojacking Detection
d81709bf9e19234e.ok_obfuscated.wasm,unknown,cryptojacking,yes,MinerRay: Semantics-Aware Analysis for Ever-Evolving Cryptojacking Detection
636be31345396195.ok_obfuscated.wasm,unknown,cryptojacking,yes,MinerRay: Semantics-Aware Analysis for Ever-Evolving Cryptojacking Detection
8389c5589b194d10.ok_obfuscated.wasm,unknown,cryptojacking,yes,MinerRay: Semantics-Aware Analysis for Ever-Evolving Cryptojacking Detection
93b27f47686a6221.ok_obfuscated.wasm,unknown,cryptojacking,yes,MinerRay: Semantics-Aware Analysis for Ever-Evolving Cryptojacking Detection
a7155fd5815d444e.ok_obfuscated.wasm,unknown,cryptojacking,yes,MinerRay: Semantics-Aware Analysis for Ever-Evolving Cryptojacking Detection
77966562af70cf6e.ok_obfuscated.wasm,unknown,cryptojacking,yes,MinerRay: Semantics-Aware Analysis for Ever-Evolving Cryptojacking Detection
a95214bf29f01280.ok_obfuscated.wasm,unknown,cryptojacking,yes,MinerRay: Semantics-Aware Analysis for Ever-Evolving Cryptojacking Detection
7008e96d7718a42c.ok_obfuscated.wasm,unknown,cryptojacking,yes,MinerRay: Semantics-Aware Analysis for Ever-Evolving Cryptojacking Detection
480d1eb0e1bc8db9.ok_obfuscated.wasm,unknown,cryptojacking,yes,MinerRay: Semantics-Aware Analysis for Ever-Evolving Cryptojacking Detection
9a24894b1da3adfc.ok_obfuscated.wasm,unknown,cryptojacking,yes,MinerRay: Semantics-Aware Analysis for Ever-Evolving Cryptojacking Detection
85dcd5d837a740da.ok_obfuscated.wasm,unknown,cryptojacking,yes,MinerRay: Semantics-Aware Analysis for Ever-Evolving Cryptojacking Detection
1ff26262c97795c1.ok_obfuscated.wasm,unknown,cryptojacking,yes,MinerRay: Semantics-Aware Analysis for Ever-Evolving Cryptojacking Detection
01232858538c8f13.ok_obfuscated.wasm,unknown,cryptojacking,yes,MinerRay: Semantics-Aware Analysis for Ever-Evolving Cryptojacking Detection
a1939d50d22cad0c.ok_obfuscated.wasm,unknown,cryptojacking,yes,MinerRay: Semantics-Aware Analysis for Ever-Evolving Cryptojacking Detection
140e5687057b3e13.ok_obfuscated.wasm,unknown,cryptojacking,yes,MinerRay: Semantics-Aware Analysis for Ever-Evolving Cryptojacking Detection
963e1671f08176cd.ok_obfuscated.wasm,unknown,cryptojacking,yes,MinerRay: Semantics-Aware Analysis for Ever-Evolving Cryptojacking Detection
bb96719fd70347ce.ok_obfuscated.wasm,unknown,cryptojacking,yes,MinerRay: Semantics-Aware Analysis for Ever-Evolving Cryptojacking Detection
7804144ad8232ae7.ok_obfuscated.wasm,unknown,cryptojacking,yes,MinerRay: Semantics-Aware Analysis for Ever-Evolving Cryptojacking Detection
28bff3b9c36ba977.ok_obfuscated.wasm,unknown,cryptojacking,yes,MinerRay: Semantics-Aware Analysis for Ever-Evolving Cryptojacking Detection
63adf635e519a0ce.ok_obfuscated.wasm,unknown,cryptojacking,yes,MinerRay: Semantics-Aware Analysis for Ever-Evolving Cryptojacking Detection
f0d275390ef38200.ok_obfuscated.wasm,unknown,cryptojacking,yes,MinerRay: Semantics-Aware Analysis for Ever-Evolving Cryptojacking Detection
9b9e06a7d18cbc50.ok_obfuscated.wasm,unknown,cryptojacking,yes,MinerRay: Semantics-Aware Analysis for Ever-Evolving Cryptojacking Detection
e3a3dd6fb61826da.ok_obfuscated.wasm,unknown,cryptojacking,yes,MinerRay: Semantics-Aware Analysis for Ever-Evolving Cryptojacking Detection
10814cdb22781e9d.ok_obfuscated.wasm,unknown,cryptojacking,yes,MinerRay: Semantics-Aware Analysis for Ever-Evolving Cryptojacking Detection
c7a4800c38af010c.ok_obfuscated.wasm,unknown,cryptojacking,yes,MinerRay: Semantics-Aware Analysis for Ever-Evolving Cryptojacking Detection
10d27d70bad9d188.ok_obfuscated.wasm,unknown,cryptojacking,yes,MinerRay: Semantics-Aware Analysis for Ever-Evolving Cryptojacking Detection
8eccf8a5722ab7bd.ok_obfuscated.wasm,unknown,cryptojacking,yes,MinerRay: Semantics-Aware Analysis for Ever-Evolving Cryptojacking Detection
9f2e1e0e59b5ed4c.ok_obfuscated.wasm,unknown,cryptojacking,yes,MinerRay: Semantics-Aware Analysis for Ever-Evolving Cryptojacking Detection
946195262c9739cc.ok_obfuscated.wasm,unknown,cryptojacking,yes,MinerRay: Semantics-Aware Analysis for Ever-Evolving Cryptojacking Detection
7c205e9404287fab.ok_obfuscated.wasm,unknown,cryptojacking,yes,MinerRay: Semantics-Aware Analysis for Ever-Evolving Cryptojacking Detection
f94b319c54fdb858.ok_obfuscated.wasm,unknown,cryptojacking,yes,MinerRay: Semantics-Aware Analysis for Ever-Evolving Cryptojacking Detection
fb11f2be2e64eb4e.ok_obfuscated.wasm,unknown,cryptojacking,yes,MinerRay: Semantics-Aware Analysis for Ever-Evolving Cryptojacking Detection
3a024a2a5acd8849.ok_obfuscated.wasm,unknown,cryptojacking,yes,MinerRay: Semantics-Aware Analysis for Ever-Evolving Cryptojacking Detection
106be063809a285d.ok_obfuscated.wasm,unknown,cryptojacking,yes,MinerRay: Semantics-Aware Analysis for Ever-Evolving Cryptojacking Detection
303473c525f6b1f8.ok_obfuscated.wasm,unknown,cryptojacking,yes,MinerRay: Semantics-Aware Analysis for Ever-Evolving Cryptojacking Detection
ca8b5d99d7cfaa2e.ok_obfuscated.wasm,unknown,cryptojacking,yes,MinerRay: Semantics-Aware Analysis for Ever-Evolving Cryptojacking Detection
d3e81af06c8d5fcd.ok_obfuscated.wasm,unknown,cryptojacking,yes,MinerRay: Semantics-Aware Analysis for Ever-Evolving Cryptojacking Detection
6e76390f45633029.ok_obfuscated.wasm,unknown,cryptojacking,yes,MinerRay: Semantics-Aware Analysis for Ever-Evolving Cryptojacking Detection
319e041a93e203e5.ok_obfuscated.wasm,unknown,cryptojacking,yes,MinerRay: Semantics-Aware Analysis for Ever-Evolving Cryptojacking Detection
0216b7f14acb122f.ok_obfuscated.wasm,unknown,cryptojacking,yes,MinerRay: Semantics-Aware Analysis for Ever-Evolving Cryptojacking Detection
0cf30bb97b0915ab.ok_obfuscated.wasm,unknown,cryptojacking,yes,MinerRay: Semantics-Aware Analysis for Ever-Evolving Cryptojacking Detection
4b81140bef372673.ok_obfuscated.wasm,unknown,cryptojacking,yes,MinerRay: Semantics-Aware Analysis for Ever-Evolving Cryptojacking Detection
a2cefc25b06c5f36.ok_obfuscated.wasm,unknown,cryptojacking,yes,MinerRay: Semantics-Aware Analysis for Ever-Evolving Cryptojacking Detection
ec521e86f88e71d8.ok_obfuscated.wasm,unknown,cryptojacking,yes,MinerRay: Semantics-Aware Analysis for Ever-Evolving Cryptojacking Detection
3607e11c46c5fa5d.ok_obfuscated.wasm,unknown,cryptojacking,yes,MinerRay: Semantics-Aware Analysis for Ever-Evolving Cryptojacking Detection
b197838c69172a38.ok_obfuscated.wasm,unknown,cryptojacking,yes,MinerRay: Semantics-Aware Analysis for Ever-Evolving Cryptojacking Detection
91abdb6b0dfa757f.ok_obfuscated.wasm,unknown,cryptojacking,yes,MinerRay: Semantics-Aware Analysis for Ever-Evolving Cryptojacking Detection
690f9f49cd763cdb.ok_obfuscated.wasm,unknown,cryptojacking,yes,MinerRay: Semantics-Aware Analysis for Ever-Evolving Cryptojacking Detection
cb7553961e3634b5.ok_obfuscated.wasm,unknown,cryptojacking,yes,MinerRay: Semantics-Aware Analysis for Ever-Evolving Cryptojacking Detection
35ab00d96cd86453.ok_obfuscated.wasm,unknown,cryptojacking,yes,MinerRay: Semantics-Aware Analysis for Ever-Evolving Cryptojacking Detection
539e0e036456d65f.ok_obfuscated.wasm,unknown,cryptojacking,yes,MinerRay: Semantics-Aware Analysis for Ever-Evolving Cryptojacking Detection
796b62715b56f32d.ok_obfuscated.wasm,unknown,cryptojacking,yes,MinerRay: Semantics-Aware Analysis for Ever-Evolving Cryptojacking Detection
86523d02b086659d.ok_obfuscated.wasm,unknown,cryptojacking,yes,MinerRay: Semantics-Aware Analysis for Ever-Evolving Cryptojacking Detection
8200fc57b7361d2a.ok_obfuscated.wasm,unknown,cryptojacking,yes,MinerRay: Semantics-Aware Analysis for Ever-Evolving Cryptojacking Detection
0aba70602588d085.ok_obfuscated.wasm,unknown,cryptojacking,yes,MinerRay: Semantics-Aware Analysis for Ever-Evolving Cryptojacking Detection
4299cc0985cce299.ok_obfuscated.wasm,unknown,cryptojacking,yes,MinerRay: Semantics-Aware Analysis for Ever-Evolving Cryptojacking Detection
c633ac8b4e1e11ae.ok_obfuscated.wasm,unknown,cryptojacking,yes,MinerRay: Semantics-Aware Analysis for Ever-Evolving Cryptojacking Detection
ceceeb6bd5bcfc8e.ok_obfuscated.wasm,unknown,cryptojacking,yes,MinerRay: Semantics-Aware Analysis for Ever-Evolving Cryptojacking Detection
c0d281c471edd3b3.ok_obfuscated.wasm,unknown,cryptojacking,yes,MinerRay: Semantics-Aware Analysis for Ever-Evolving Cryptojacking Detection
c5109b2ba585e863.ok_obfuscated.wasm,unknown,cryptojacking,yes,MinerRay: Semantics-Aware Analysis for Ever-Evolving Cryptojacking Detection
sample9606.wasm,javascript,unknown,no,GeeksOnSecurity
sample9420.wasm,javascript,unknown,no,GeeksOnSecurity
sample9744.wasm,javascript,unknown,no,GeeksOnSecurity
sample9596.wasm,javascript,unknown,no,GeeksOnSecurity
sample9069.wasm,javascript,unknown,no,GeeksOnSecurity
sample9157.wasm,javascript,unknown,no,GeeksOnSecurity
d9b1e5eaeb21f120f28e2b776a33ee9a_0000792183.doc.wasm,javascript,unknown,no,GeeksOnSecurity
sample9095.wasm,javascript,unknown,no,GeeksOnSecurity
sample9437.wasm,javascript,unknown,no,GeeksOnSecurity
sample9540.wasm,javascript,unknown,no,GeeksOnSecurity
sample909.wasm,javascript,unknown,no,GeeksOnSecurity
sample9727.wasm,javascript,unknown,no,GeeksOnSecurity
sample9059.wasm,javascript,unknown,no,GeeksOnSecurity
sample9361.wasm,javascript,unknown,no,GeeksOnSecurity
sample9568.wasm,javascript,unknown,no,GeeksOnSecurity
sample9889.wasm,javascript,unknown,no,GeeksOnSecurity
sample9017.wasm,javascript,unknown,no,GeeksOnSecurity
sample9617.wasm,javascript,unknown,no,GeeksOnSecurity
sample9183.wasm,javascript,unknown,no,GeeksOnSecurity
sample9300.wasm,javascript,unknown,no,GeeksOnSecurity
sample9109.wasm,javascript,unknown,no,GeeksOnSecurity
sample9881.wasm,javascript,unknown,no,GeeksOnSecurity
sample945.wasm,javascript,unknown,no,GeeksOnSecurity
sample9517.wasm,javascript,unknown,no,GeeksOnSecurity
56f5d5ff330740e3624621cb1d0bb3a1_doc_X9I8k7JrimG.wasm,javascript,unknown,no,GeeksOnSecurity
ded03a00ae8738ca3e9564f0d2d81b2d_Brady_Baldwin.wasm,javascript,unknown,no,GeeksOnSecurity
119d4d0a4830bc25dcbe21cbba0c874e_invoice_scan_tEAM1t.wasm,javascript,unknown,no,GeeksOnSecurity
cd7be7a8bac893c8578401ec33875f67_info_HsUxzD2EF52.wasm,javascript,unknown,no,GeeksOnSecurity
sample9578.wasm,javascript,unknown,no,GeeksOnSecurity
sample9275.wasm,javascript,unknown,no,GeeksOnSecurity
sample9836.wasm,javascript,unknown,no,GeeksOnSecurity
sample9011.wasm,javascript,unknown,no,GeeksOnSecurity
sample9196.wasm,javascript,unknown,no,GeeksOnSecurity
sample9641.wasm,javascript,unknown,no,GeeksOnSecurity
sample9191.wasm,javascript,unknown,no,GeeksOnSecurity
sample9554.wasm,javascript,unknown,no,GeeksOnSecurity
sample9207.wasm,javascript,unknown,no,GeeksOnSecurity
sample9139.wasm,javascript,unknown,no,GeeksOnSecurity
ek_rig_start[.]remax-grandrapidstwp[.]com.wasm,javascript,unknown,no,GeeksOnSecurity
sample9880.wasm,javascript,unknown,no,GeeksOnSecurity
sample9133.wasm,javascript,unknown,no,GeeksOnSecurity
jquery_injected.wasm,javascript,unknown,no,GeeksOnSecurity
sample9566.wasm,javascript,unknown,no,GeeksOnSecurity
GEHRIG__Postal_Notification__0000266675.doc.wasm,javascript,unknown,no,GeeksOnSecurity
sample908.wasm,javascript,unknown,no,GeeksOnSecurity
sample9364.wasm,javascript,unknown,no,GeeksOnSecurity
My_Resume.wasm,javascript,unknown,no,GeeksOnSecurity
sample9507.wasm,javascript,unknown,no,GeeksOnSecurity
sample9180.wasm,javascript,unknown,no,GeeksOnSecurity
sample9150.wasm,javascript,unknown,no,GeeksOnSecurity
sample9756.wasm,javascript,unknown,no,GeeksOnSecurity
sample9561.wasm,javascript,unknown,no,GeeksOnSecurity
25d70b4d7b8a1760bb0e92a4e9b58d42_scanned_0000757512.doc.wasm,javascript,unknown,no,GeeksOnSecurity
00000573801.doc.wasm,javascript,unknown,no,GeeksOnSecurity
sample9247.wasm,javascript,unknown,no,GeeksOnSecurity
22f8feaddf02294d70d6614ba821f95b_doc_OTpkXCGPhGM.wasm,javascript,unknown,no,GeeksOnSecurity
sample9276.wasm,javascript,unknown,no,GeeksOnSecurity
sample9774.wasm,javascript,unknown,no,GeeksOnSecurity
sample9520.wasm,javascript,unknown,no,GeeksOnSecurity
127d09ef46a3e8c56e02812c630ab3ab_invoice_scan_fQaneK.wasm,javascript,unknown,no,GeeksOnSecurity
sample983.wasm,javascript,unknown,no,GeeksOnSecurity
sample947.wasm,javascript,unknown,no,GeeksOnSecurity
0000296793.doc.wasm,javascript,unknown,no,GeeksOnSecurity
sample9116.wasm,javascript,unknown,no,GeeksOnSecurity
2016-03-02-kiwitemplates.com-jquery.min_injected.wasm,javascript,unknown,no,GeeksOnSecurity
sample9365.wasm,javascript,unknown,no,GeeksOnSecurity
sample9231.wasm,javascript,unknown,no,GeeksOnSecurity
sample9200.wasm,javascript,unknown,no,GeeksOnSecurity
E-ZPass_00000170428.doc.wasm,javascript,unknown,no,GeeksOnSecurity
sample9428.wasm,javascript,unknown,no,GeeksOnSecurity
2016-02-22-js-from-compromised-website-skinnymom.com-zlrecipe_print.wasm,javascript,unknown,no,GeeksOnSecurity
sample9167.wasm,javascript,unknown,no,GeeksOnSecurity
0673c19dc215de1b6300d36740fcf0f8_invoice_copy_1CuXOmdYEZt.wasm,javascript,unknown,no,GeeksOnSecurity
sample9556.wasm,javascript,unknown,no,GeeksOnSecurity
sample9706.wasm,javascript,unknown,no,GeeksOnSecurity
sample9608.wasm,javascript,unknown,no,GeeksOnSecurity
sample9622.wasm,javascript,unknown,no,GeeksOnSecurity
sample9551.wasm,javascript,unknown,no,GeeksOnSecurity
sample9126.wasm,javascript,unknown,no,GeeksOnSecurity
sample9280.wasm,javascript,unknown,no,GeeksOnSecurity
056989c50fbe7e452275a93c3bf011e0_Pablo_Brock.wasm,javascript,unknown,no,GeeksOnSecurity
sample9604.wasm,javascript,unknown,no,GeeksOnSecurity
9883aeede56cd2f900b6be66171ae1c6_invoice_xQ0FbD.wasm,javascript,unknown,no,GeeksOnSecurity
sample9819.wasm,javascript,unknown,no,GeeksOnSecurity
a58198eb927521d1a0d28973da4db270_invoice_scan_T4d7t3.wasm,javascript,unknown,no,GeeksOnSecurity
sample9145.wasm,javascript,unknown,no,GeeksOnSecurity
sample9032.wasm,javascript,unknown,no,GeeksOnSecurity
sample9384.wasm,javascript,unknown,no,GeeksOnSecurity
sample9733.wasm,javascript,unknown,no,GeeksOnSecurity
sample9074.wasm,javascript,unknown,no,GeeksOnSecurity
sample9367.wasm,javascript,unknown,no,GeeksOnSecurity
sample9435.wasm,javascript,unknown,no,GeeksOnSecurity
sample9455.wasm,javascript,unknown,no,GeeksOnSecurity
52cccadbed28cc93057c035e8b178cba_00942173.doc.wasm,javascript,unknown,no,GeeksOnSecurity
sample9386.wasm,javascript,unknown,no,GeeksOnSecurity
sample9027.wasm,javascript,unknown,no,GeeksOnSecurity
sample9021.wasm,javascript,unknown,no,GeeksOnSecurity
sample9614.wasm,javascript,unknown,no,GeeksOnSecurity
sample9550.wasm,javascript,unknown,no,GeeksOnSecurity
sample9015.wasm,javascript,unknown,no,GeeksOnSecurity
sample9600.wasm,javascript,unknown,no,GeeksOnSecurity
deobfuscated.wasm,javascript,unknown,no,GeeksOnSecurity
sample9111.wasm,javascript,unknown,no,GeeksOnSecurity
sample9535.wasm,javascript,unknown,no,GeeksOnSecurity
1cc463f9d2843d1647dcaa33b717dd79_00000278156.doc.wasm,javascript,unknown,no,GeeksOnSecurity
sample9269.wasm,javascript,unknown,no,GeeksOnSecurity
sample9325.wasm,javascript,unknown,no,GeeksOnSecurity
sample953.wasm,javascript,unknown,no,GeeksOnSecurity
sample9678.wasm,javascript,unknown,no,GeeksOnSecurity
sample9023.wasm,javascript,unknown,no,GeeksOnSecurity
sample949.wasm,javascript,unknown,no,GeeksOnSecurity
ab60f00e84b51787a0ee0fcc2b3db979_fax00311294.doc.wasm,javascript,unknown,no,GeeksOnSecurity
sample9545.wasm,javascript,unknown,no,GeeksOnSecurity
0c709fb8eff6b0db2643e998c94a0ef7_photo.wasm,javascript,unknown,no,GeeksOnSecurity
Notice_to_Appear_0000398660.doc.wasm,javascript,unknown,no,GeeksOnSecurity
80f71efdc2d3d62314465a7c29b3bb9a_My_resume_Bennett_Berger.wasm,javascript,unknown,no,GeeksOnSecurity
sample9245.wasm,javascript,unknown,no,GeeksOnSecurity
sample9358.wasm,javascript,unknown,no,GeeksOnSecurity
sample906.wasm,javascript,unknown,no,GeeksOnSecurity
sample9396.wasm,javascript,unknown,no,GeeksOnSecurity
Court_Notification_00582269.doc.wasm,javascript,unknown,no,GeeksOnSecurity
sample956.wasm,javascript,unknown,no,GeeksOnSecurity
sample9512.wasm,javascript,unknown,no,GeeksOnSecurity
sample973.wasm,javascript,unknown,no,GeeksOnSecurity
Delivery_Notification_000884522.doc.wasm,javascript,unknown,no,GeeksOnSecurity
000548589.doc.wasm,javascript,unknown,no,GeeksOnSecurity
sample9061.wasm,javascript,unknown,no,GeeksOnSecurity
sample9003.wasm,javascript,unknown,no,GeeksOnSecurity
sample9597.wasm,javascript,unknown,no,GeeksOnSecurity
sample9764.wasm,javascript,unknown,no,GeeksOnSecurity
3333e65b452d425e216144acb0154007_fax00000816068.doc.wasm,javascript,unknown,no,GeeksOnSecurity
sample9164.wasm,javascript,unknown,no,GeeksOnSecurity
sample9252.wasm,javascript,unknown,no,GeeksOnSecurity
sample9615.wasm,javascript,unknown,no,GeeksOnSecurity
FedEx_ID_000288580.doc.wasm,javascript,unknown,no,GeeksOnSecurity
3b6cb7063885e94a210b1fcca8eff4ca_Court_Notification_0000511885.doc.wasm,javascript,unknown,no,GeeksOnSecurity
sample9092.wasm,javascript,unknown,no,GeeksOnSecurity
sample9038.wasm,javascript,unknown,no,GeeksOnSecurity
46b9926d216abd172e210c2984be1b54_Resume_Clement_Spence.wasm,javascript,unknown,no,GeeksOnSecurity
sample9804.wasm,javascript,unknown,no,GeeksOnSecurity
sample9143.wasm,javascript,unknown,no,GeeksOnSecurity
sample9888.wasm,javascript,unknown,no,GeeksOnSecurity
c69ebfc9894a86e3ec0d3b3201e0146c_Mohammad_Cordova.wasm,javascript,unknown,no,GeeksOnSecurity
2016-03-02-kiwitemplates.com-jquery-migrate.min_injected.wasm,javascript,unknown,no,GeeksOnSecurity
sample950.wasm,javascript,unknown,no,GeeksOnSecurity
bc7ed0714d53bf8e33469632b0b732d9_doc_dKi1dKmR6l8.wasm,javascript,unknown,no,GeeksOnSecurity
sample9333.wasm,javascript,unknown,no,GeeksOnSecurity
sample9385.wasm,javascript,unknown,no,GeeksOnSecurity
sample9523.wasm,javascript,unknown,no,GeeksOnSecurity
sample9318.wasm,javascript,unknown,no,GeeksOnSecurity
0b859eb668a8d74bfcea058fb4a9c26c_invoice_SENwRY.wasm,javascript,unknown,no,GeeksOnSecurity
sample9542.wasm,javascript,unknown,no,GeeksOnSecurity
sample954.wasm,javascript,unknown,no,GeeksOnSecurity
sample9743.wasm,javascript,unknown,no,GeeksOnSecurity
sample9088.wasm,javascript,unknown,no,GeeksOnSecurity
sample9119.wasm,javascript,unknown,no,GeeksOnSecurity
77290f994d05ad0add5768c9c040dc55_info.wasm,javascript,unknown,no,GeeksOnSecurity
sample9.wasm,javascript,unknown,no,GeeksOnSecurity
Court_Notification_000102497.doc.wasm,javascript,unknown,no,GeeksOnSecurity
18d519ab53b83109c57ff8928dc617a9_invoice_copy_eCEYwaGbIs6.wasm,javascript,unknown,no,GeeksOnSecurity
My_Resume_-_Junior_Harding.wasm,javascript,unknown,no,GeeksOnSecurity
sample9226.wasm,javascript,unknown,no,GeeksOnSecurity
sample9201.wasm,javascript,unknown,no,GeeksOnSecurity
sample9533.wasm,javascript,unknown,no,GeeksOnSecurity
sample9639.wasm,javascript,unknown,no,GeeksOnSecurity
sample9104.wasm,javascript,unknown,no,GeeksOnSecurity
sample9389.wasm,javascript,unknown,no,GeeksOnSecurity
sample92.wasm,javascript,unknown,no,GeeksOnSecurity
sample9818.wasm,javascript,unknown,no,GeeksOnSecurity
sample9203.wasm,javascript,unknown,no,GeeksOnSecurity
a9c9d4b7c5db68b65672e2e858b552cf_invoice_wiFl2a.xls.wasm,javascript,unknown,no,GeeksOnSecurity
sample9487.wasm,javascript,unknown,no,GeeksOnSecurity
ad17f6d5299258e3b0043e6c3c9eb5f9_scanned-00309989.doc.wasm,javascript,unknown,no,GeeksOnSecurity
sample9638.wasm,javascript,unknown,no,GeeksOnSecurity
sample9749.wasm,javascript,unknown,no,GeeksOnSecurity
sample9591.wasm,javascript,unknown,no,GeeksOnSecurity
sample9018.wasm,javascript,unknown,no,GeeksOnSecurity
sample9459.wasm,javascript,unknown,no,GeeksOnSecurity
FedEx_0000525165.doc.wasm,javascript,unknown,no,GeeksOnSecurity
sample9482.wasm,javascript,unknown,no,GeeksOnSecurity
sample9113.wasm,javascript,unknown,no,GeeksOnSecurity
0000385560.doc.wasm,javascript,unknown,no,GeeksOnSecurity
sample9527.wasm,javascript,unknown,no,GeeksOnSecurity
sample9572.wasm,javascript,unknown,no,GeeksOnSecurity
sample9612.wasm,javascript,unknown,no,GeeksOnSecurity
sample9844.wasm,javascript,unknown,no,GeeksOnSecurity
c6a705ca695d03b0671396c168daf0ac_invoice_JCylu4.wasm,javascript,unknown,no,GeeksOnSecurity
sample9473.wasm,javascript,unknown,no,GeeksOnSecurity
sample9135.wasm,javascript,unknown,no,GeeksOnSecurity
sample9694.wasm,javascript,unknown,no,GeeksOnSecurity
sample9675.wasm,javascript,unknown,no,GeeksOnSecurity
sample961.wasm,javascript,unknown,no,GeeksOnSecurity
sample9307.wasm,javascript,unknown,no,GeeksOnSecurity
sample9010.wasm,javascript,unknown,no,GeeksOnSecurity
sample9676.wasm,javascript,unknown,no,GeeksOnSecurity
sample9680.wasm,javascript,unknown,no,GeeksOnSecurity
sample9241.wasm,javascript,unknown,no,GeeksOnSecurity
cc913668723c47bb2bd0966beb90a206_Notice_to_Appear_00000161105.doc.wasm,javascript,unknown,no,GeeksOnSecurity
E-ZPass_00000313390.doc.wasm,javascript,unknown,no,GeeksOnSecurity
sample9565.wasm,javascript,unknown,no,GeeksOnSecurity
sample9469.wasm,javascript,unknown,no,GeeksOnSecurity
sample9163.wasm,javascript,unknown,no,GeeksOnSecurity
sample9582.wasm,javascript,unknown,no,GeeksOnSecurity
sample9497.wasm,javascript,unknown,no,GeeksOnSecurity
sample9369.wasm,javascript,unknown,no,GeeksOnSecurity
sample9403.wasm,javascript,unknown,no,GeeksOnSecurity
sample9601.wasm,javascript,unknown,no,GeeksOnSecurity
b3a03eda82aee35928fe43e461ed98f8_invoice_copy_uLkd4K.wasm,javascript,unknown,no,GeeksOnSecurity
sample9571.wasm,javascript,unknown,no,GeeksOnSecurity
sample9261.wasm,javascript,unknown,no,GeeksOnSecurity
sample9488.wasm,javascript,unknown,no,GeeksOnSecurity
sample9452.wasm,javascript,unknown,no,GeeksOnSecurity
sample96.wasm,javascript,unknown,no,GeeksOnSecurity
88ae81cc0e2a0b58d21d75f53c63b601_Court_Notification_00733046.doc.wasm,javascript,unknown,no,GeeksOnSecurity
sample9370.wasm,javascript,unknown,no,GeeksOnSecurity
sample922.wasm,javascript,unknown,no,GeeksOnSecurity
8e6a81894a25c682d0b565852ced26af_scan-0000730691.doc.wasm,javascript,unknown,no,GeeksOnSecurity
sample9627.wasm,javascript,unknown,no,GeeksOnSecurity
E-ZPass_Invoice_0000855356.doc.wasm,javascript,unknown,no,GeeksOnSecurity
sample900.wasm,javascript,unknown,no,GeeksOnSecurity
sample9187.wasm,javascript,unknown,no,GeeksOnSecurity
sample9664.wasm,javascript,unknown,no,GeeksOnSecurity
sample9284.wasm,javascript,unknown,no,GeeksOnSecurity
sample9190.wasm,javascript,unknown,no,GeeksOnSecurity
Rechnung.zip_Rechnung.pdf.wasm,javascript,unknown,no,GeeksOnSecurity
16a57b1149fa302bf54e8039ac463e17_src_resume.wasm,javascript,unknown,no,GeeksOnSecurity
sample9570.wasm,javascript,unknown,no,GeeksOnSecurity
sample9671.wasm,javascript,unknown,no,GeeksOnSecurity
9de6ea105cb58436a06490fe27a4956d_scan_000648406.doc.wasm,javascript,unknown,no,GeeksOnSecurity
sample9769.wasm,javascript,unknown,no,GeeksOnSecurity
sample9324.wasm,javascript,unknown,no,GeeksOnSecurity
Label_0000801474.doc.wasm,javascript,unknown,no,GeeksOnSecurity
sample9221.wasm,javascript,unknown,no,GeeksOnSecurity
sample9682.wasm,javascript,unknown,no,GeeksOnSecurity
19ba7d1a7be38404208fcbd995692f35_info_KW9Fo5GKg9z.wasm,javascript,unknown,no,GeeksOnSecurity
sample9273.wasm,javascript,unknown,no,GeeksOnSecurity
e2ba2fd1b60558ad63615b1be6854c37_invoice_copy_RN9d1pvMiXX.wasm,javascript,unknown,no,GeeksOnSecurity
sample9840.wasm,javascript,unknown,no,GeeksOnSecurity
afc1254ad3aabdfe631aab5d315bdc0c_info_vJt45s8aiaU.wasm,javascript,unknown,no,GeeksOnSecurity
sample9085.wasm,javascript,unknown,no,GeeksOnSecurity
sample955.wasm,javascript,unknown,no,GeeksOnSecurity
sample9402.wasm,javascript,unknown,no,GeeksOnSecurity
sample9162.wasm,javascript,unknown,no,GeeksOnSecurity
sample9509.wasm,javascript,unknown,no,GeeksOnSecurity
sample926.wasm,javascript,unknown,no,GeeksOnSecurity
41b20c0dfb7962e7caa8c4290031f70d_doc_tmBHqcKcUyQ.wasm,javascript,unknown,no,GeeksOnSecurity
sample9788.wasm,javascript,unknown,no,GeeksOnSecurity
sample9042.wasm,javascript,unknown,no,GeeksOnSecurity
sample9031.wasm,javascript,unknown,no,GeeksOnSecurity
sample9868.wasm,javascript,unknown,no,GeeksOnSecurity
sample9166.wasm,javascript,unknown,no,GeeksOnSecurity
sample930.wasm,javascript,unknown,no,GeeksOnSecurity
FedEx_00000184599.doc.wasm,javascript,unknown,no,GeeksOnSecurity
sample9308.wasm,javascript,unknown,no,GeeksOnSecurity
Label_00233958.doc.wasm,javascript,unknown,no,GeeksOnSecurity
sample9580.wasm,javascript,unknown,no,GeeksOnSecurity
sample9803.wasm,javascript,unknown,no,GeeksOnSecurity
2016-03-02-kiwitemplates.com-bootstrap.min_injected.wasm,javascript,unknown,no,GeeksOnSecurity
sample9631.wasm,javascript,unknown,no,GeeksOnSecurity
sample9695.wasm,javascript,unknown,no,GeeksOnSecurity
sample9371.wasm,javascript,unknown,no,GeeksOnSecurity
sample9223.wasm,javascript,unknown,no,GeeksOnSecurity
sample9366.wasm,javascript,unknown,no,GeeksOnSecurity
sample9132.wasm,javascript,unknown,no,GeeksOnSecurity
b673b51b24ae0961978152faf2176e54_Delivery_Notification_0000383239.doc.wasm,javascript,unknown,no,GeeksOnSecurity
sample9454.wasm,javascript,unknown,no,GeeksOnSecurity
sample9263.wasm,javascript,unknown,no,GeeksOnSecurity
sample9531.wasm,javascript,unknown,no,GeeksOnSecurity
sample9681.wasm,javascript,unknown,no,GeeksOnSecurity
6c288ffe7c54c46fe1473bbbaa1e9f7b_img_SCAN_6FFcG.wasm,javascript,unknown,no,GeeksOnSecurity
sample9195.wasm,javascript,unknown,no,GeeksOnSecurity
sample9019.wasm,javascript,unknown,no,GeeksOnSecurity
sample965.wasm,javascript,unknown,no,GeeksOnSecurity
ecc608acbf0562f244b799aac49a5497_document_000665832.doc.wasm,javascript,unknown,no,GeeksOnSecurity
sample9271.wasm,javascript,unknown,no,GeeksOnSecurity
sample9423.wasm,javascript,unknown,no,GeeksOnSecurity
sample9793.wasm,javascript,unknown,no,GeeksOnSecurity
sample9657.wasm,javascript,unknown,no,GeeksOnSecurity
sample9258.wasm,javascript,unknown,no,GeeksOnSecurity
88fbeb9f5b61984604cbac9372ef9c41_invoice_copy_k55X2v5wniR.wasm,javascript,unknown,no,GeeksOnSecurity
9c44a2364e1e46313b9229657511358b_invoice_pAcajO.wasm,javascript,unknown,no,GeeksOnSecurity
sample9720.wasm,javascript,unknown,no,GeeksOnSecurity
97633824b77de77fd3cd46d426366e67_scan-00000874184.doc.wasm,javascript,unknown,no,GeeksOnSecurity
sample9301.wasm,javascript,unknown,no,GeeksOnSecurity
sample9393.wasm,javascript,unknown,no,GeeksOnSecurity
a7b9a1a36e1abbd069fc71c5a0b9ce57_info_dsGXKpNZbAT.wasm,javascript,unknown,no,GeeksOnSecurity
sample9047.wasm,javascript,unknown,no,GeeksOnSecurity
FedEx_00554687.doc.wasm,javascript,unknown,no,GeeksOnSecurity
sample907.wasm,javascript,unknown,no,GeeksOnSecurity
sample9120.wasm,javascript,unknown,no,GeeksOnSecurity
sample9382.wasm,javascript,unknown,no,GeeksOnSecurity
sample9374.wasm,javascript,unknown,no,GeeksOnSecurity
2eaf4319a7fa009afb17ad99c96f64c8_invoice_copy_bWek1l.wasm,javascript,unknown,no,GeeksOnSecurity
sample931.wasm,javascript,unknown,no,GeeksOnSecurity
sample9083.wasm,javascript,unknown,no,GeeksOnSecurity
sample9259.wasm,javascript,unknown,no,GeeksOnSecurity
sample9352.wasm,javascript,unknown,no,GeeksOnSecurity
sample9054.wasm,javascript,unknown,no,GeeksOnSecurity
sample9448.wasm,javascript,unknown,no,GeeksOnSecurity
Delivery_Notification_000296571.doc.wasm,javascript,unknown,no,GeeksOnSecurity
sample9642.wasm,javascript,unknown,no,GeeksOnSecurity
sample9585.wasm,javascript,unknown,no,GeeksOnSecurity
sample9439.wasm,javascript,unknown,no,GeeksOnSecurity
sample9213.wasm,javascript,unknown,no,GeeksOnSecurity
sample9480.wasm,javascript,unknown,no,GeeksOnSecurity
sample920.wasm,javascript,unknown,no,GeeksOnSecurity
sample9584.wasm,javascript,unknown,no,GeeksOnSecurity
sample9171.wasm,javascript,unknown,no,GeeksOnSecurity
Label_00000963903.doc.wasm,javascript,unknown,no,GeeksOnSecurity
sample9285.wasm,javascript,unknown,no,GeeksOnSecurity
9197b7630b8b23534897b3055582ca95_task-00211078.doc.wasm,javascript,unknown,no,GeeksOnSecurity
1784191639a5321c896951a27df5e3e9_fax_000594567.doc.wasm,javascript,unknown,no,GeeksOnSecurity
sample9603.wasm,javascript,unknown,no,GeeksOnSecurity
2016-02-29-js-file-from-sushifaq.com-wp-emoji-release.min_injected.wasm,javascript,unknown,no,GeeksOnSecurity
sample9238.wasm,javascript,unknown,no,GeeksOnSecurity
sample9653.wasm,javascript,unknown,no,GeeksOnSecurity
sample9484.wasm,javascript,unknown,no,GeeksOnSecurity
prototype_deobfuscated.wasm,javascript,unknown,no,GeeksOnSecurity
sample9050.wasm,javascript,unknown,no,GeeksOnSecurity
sample9156.wasm,javascript,unknown,no,GeeksOnSecurity
sample958.wasm,javascript,unknown,no,GeeksOnSecurity
sample9076.wasm,javascript,unknown,no,GeeksOnSecurity
sample9709.wasm,javascript,unknown,no,GeeksOnSecurity
434750abe25acffa9ace429a55738940_fax.000683796.doc.wasm,javascript,unknown,no,GeeksOnSecurity
006f87ed49e91eaffc3971d0f45f1282_task00000720261.doc.wasm,javascript,unknown,no,GeeksOnSecurity
sample9014.wasm,javascript,unknown,no,GeeksOnSecurity
sample9444.wasm,javascript,unknown,no,GeeksOnSecurity
sample9767.wasm,javascript,unknown,no,GeeksOnSecurity
sample9089.wasm,javascript,unknown,no,GeeksOnSecurity
sample9558.wasm,javascript,unknown,no,GeeksOnSecurity
inject1_deobfuscated.wasm,javascript,unknown,no,GeeksOnSecurity
sample9755.wasm,javascript,unknown,no,GeeksOnSecurity
fbd586d09abc11460f0c28ae62538f76_img_ZL8MKf.wasm,javascript,unknown,no,GeeksOnSecurity
E-ZPass_0000559859.doc.wasm,javascript,unknown,no,GeeksOnSecurity
sample9739.wasm,javascript,unknown,no,GeeksOnSecurity
sample964.wasm,javascript,unknown,no,GeeksOnSecurity
8b6bb4e255862107fef21b5a91f42702_img_copy_1sSgYv.wasm,javascript,unknown,no,GeeksOnSecurity
sample9609.wasm,javascript,unknown,no,GeeksOnSecurity
sample9078.wasm,javascript,unknown,no,GeeksOnSecurity
sample9832.wasm,javascript,unknown,no,GeeksOnSecurity
sample9268.wasm,javascript,unknown,no,GeeksOnSecurity
134aadfa38c4d8601d50ecc825cc2de1_task_000688545.doc.wasm,javascript,unknown,no,GeeksOnSecurity
4abfe22a2e880a9c991f871dab852e66_Conto_30006046.pdf.wasm,javascript,unknown,no,GeeksOnSecurity
sample984.wasm,javascript,unknown,no,GeeksOnSecurity
sample933.wasm,javascript,unknown,no,GeeksOnSecurity
sample9795.wasm,javascript,unknown,no,GeeksOnSecurity
sample9679.wasm,javascript,unknown,no,GeeksOnSecurity
sample9552.wasm,javascript,unknown,no,GeeksOnSecurity
83bd8a778b2119af79bc92177d41358b_task000937700.doc.wasm,javascript,unknown,no,GeeksOnSecurity
sample9725.wasm,javascript,unknown,no,GeeksOnSecurity
sample95.wasm,javascript,unknown,no,GeeksOnSecurity
c0e52d521fe0cc84ff5b411c47423afd_task-000993344.doc.wasm,javascript,unknown,no,GeeksOnSecurity
sample9283.wasm,javascript,unknown,no,GeeksOnSecurity
sample98.wasm,javascript,unknown,no,GeeksOnSecurity
sample9724.wasm,javascript,unknown,no,GeeksOnSecurity
sample9034.wasm,javascript,unknown,no,GeeksOnSecurity
sample9802.wasm,javascript,unknown,no,GeeksOnSecurity
264f7ec54e406291536a4c7c5129668d_scan-0000130289.doc.wasm,javascript,unknown,no,GeeksOnSecurity
2b78ba5b5d5fafd2c3389cc51034e610_document-000890408.doc.wasm,javascript,unknown,no,GeeksOnSecurity
FedEx_ID_00000236156.doc.wasm,javascript,unknown,no,GeeksOnSecurity
sample966.wasm,javascript,unknown,no,GeeksOnSecurity
16271273fff02b529080844af5ea08ba_000796447.doc.wasm,javascript,unknown,no,GeeksOnSecurity
sample9039.wasm,javascript,unknown,no,GeeksOnSecurity
sample9569.wasm,javascript,unknown,no,GeeksOnSecurity
50b9708235fb0ba4b590b5a95375b9b9_00000229561.doc.wasm,javascript,unknown,no,GeeksOnSecurity
Label_00614046.doc.wasm,javascript,unknown,no,GeeksOnSecurity
sample9185.wasm,javascript,unknown,no,GeeksOnSecurity
sample9122.wasm,javascript,unknown,no,GeeksOnSecurity
a5f133f7bca70241543e45c9451b2cf9_img.wasm,javascript,unknown,no,GeeksOnSecurity
c4136a9f1975dcb619af6f729ca16d1a_img_sc8o6F.wasm,javascript,unknown,no,GeeksOnSecurity
c103c26607ef7bf347d1ae94189f09fd_invoice_qiYXES.wasm,javascript,unknown,no,GeeksOnSecurity
sample9411.wasm,javascript,unknown,no,GeeksOnSecurity
sample9736.wasm,javascript,unknown,no,GeeksOnSecurity
sample9891.wasm,javascript,unknown,no,GeeksOnSecurity
sample9087.wasm,javascript,unknown,no,GeeksOnSecurity
sample9099.wasm,javascript,unknown,no,GeeksOnSecurity
sample9524.wasm,javascript,unknown,no,GeeksOnSecurity
sample9178.wasm,javascript,unknown,no,GeeksOnSecurity
sample9555.wasm,javascript,unknown,no,GeeksOnSecurity
sample9244.wasm,javascript,unknown,no,GeeksOnSecurity
sample9532.wasm,javascript,unknown,no,GeeksOnSecurity
sample9861.wasm,javascript,unknown,no,GeeksOnSecurity
sample9349.wasm,javascript,unknown,no,GeeksOnSecurity
Notice_to_Appear_00834279.doc.wasm,javascript,unknown,no,GeeksOnSecurity
FedEx_ID_00506668.doc.wasm,javascript,unknown,no,GeeksOnSecurity
sample9144.wasm,javascript,unknown,no,GeeksOnSecurity
sample9485.wasm,javascript,unknown,no,GeeksOnSecurity
dc29cb9627e92fff21d794cdbff918df_invoice_G7P9Xx.wasm,javascript,unknown,no,GeeksOnSecurity
sample9399.wasm,javascript,unknown,no,GeeksOnSecurity
sample9479.wasm,javascript,unknown,no,GeeksOnSecurity
sample9688.wasm,javascript,unknown,no,GeeksOnSecurity
sample9432.wasm,javascript,unknown,no,GeeksOnSecurity
sample9534.wasm,javascript,unknown,no,GeeksOnSecurity
sample9768.wasm,javascript,unknown,no,GeeksOnSecurity
FedEx_ID_00345703.doc.wasm,javascript,unknown,no,GeeksOnSecurity
sample9329.wasm,javascript,unknown,no,GeeksOnSecurity
sample9684.wasm,javascript,unknown,no,GeeksOnSecurity
sample9647.wasm,javascript,unknown,no,GeeksOnSecurity
sample93.wasm,javascript,unknown,no,GeeksOnSecurity
sample9575.wasm,javascript,unknown,no,GeeksOnSecurity
sample9648.wasm,javascript,unknown,no,GeeksOnSecurity
sample9626.wasm,javascript,unknown,no,GeeksOnSecurity
sample9712.wasm,javascript,unknown,no,GeeksOnSecurity
sample9539.wasm,javascript,unknown,no,GeeksOnSecurity
sample9368.wasm,javascript,unknown,no,GeeksOnSecurity
sample9357.wasm,javascript,unknown,no,GeeksOnSecurity
sample9030.wasm,javascript,unknown,no,GeeksOnSecurity
sample90.wasm,javascript,unknown,no,GeeksOnSecurity
ek_angler_2015_06_10.wasm,javascript,unknown,no,GeeksOnSecurity
sample923.wasm,javascript,unknown,no,GeeksOnSecurity
sample9233.wasm,javascript,unknown,no,GeeksOnSecurity
2016-02-22-js-from-compromised-website-skinnymom.com-edd-checkout-global.min.wasm,javascript,unknown,no,GeeksOnSecurity
sample9792.wasm,javascript,unknown,no,GeeksOnSecurity
sample9807.wasm,javascript,unknown,no,GeeksOnSecurity
sample9549.wasm,javascript,unknown,no,GeeksOnSecurity
sample9128.wasm,javascript,unknown,no,GeeksOnSecurity
sample9491.wasm,javascript,unknown,no,GeeksOnSecurity
Notice_to_Appear_000348496.doc.wasm,javascript,unknown,no,GeeksOnSecurity
Label_00000158387.doc.wasm,javascript,unknown,no,GeeksOnSecurity
sample9081.wasm,javascript,unknown,no,GeeksOnSecurity
sample978.wasm,javascript,unknown,no,GeeksOnSecurity
sample9151.wasm,javascript,unknown,no,GeeksOnSecurity
sample9483.wasm,javascript,unknown,no,GeeksOnSecurity
sample919.wasm,javascript,unknown,no,GeeksOnSecurity
35028dab002600b6135bb61d67b90746_E-ZPass_000183674.doc.wasm,javascript,unknown,no,GeeksOnSecurity
sample9235.wasm,javascript,unknown,no,GeeksOnSecurity
sample9693.wasm,javascript,unknown,no,GeeksOnSecurity
sample9841.wasm,javascript,unknown,no,GeeksOnSecurity
sample9447.wasm,javascript,unknown,no,GeeksOnSecurity
sample9052.wasm,javascript,unknown,no,GeeksOnSecurity
sample9168.wasm,javascript,unknown,no,GeeksOnSecurity
sample9181.wasm,javascript,unknown,no,GeeksOnSecurity
sample9504.wasm,javascript,unknown,no,GeeksOnSecurity
sample9084.wasm,javascript,unknown,no,GeeksOnSecurity
2015-07-17-malicious-javascript-from-stepanovichon.com_deobfuscated.wasm,javascript,unknown,no,GeeksOnSecurity
sample94.wasm,javascript,unknown,no,GeeksOnSecurity
38c0894234388dc7a7373a4453e0fa94_000695378.doc.wasm,javascript,unknown,no,GeeksOnSecurity
f37d32809ba53d99a01a1dffe33a8752_Resume_Scottie_Daniel.wasm,javascript,unknown,no,GeeksOnSecurity
sample9495.wasm,javascript,unknown,no,GeeksOnSecurity
e6955678f01a142d7f00244387111df5_output68.wasm,javascript,unknown,no,GeeksOnSecurity
Notice_to_Appear_00000929398.doc.wasm,javascript,unknown,no,GeeksOnSecurity
sample9462.wasm,javascript,unknown,no,GeeksOnSecurity
sample9475.wasm,javascript,unknown,no,GeeksOnSecurity
sample9431.wasm,javascript,unknown,no,GeeksOnSecurity
sample9738.wasm,javascript,unknown,no,GeeksOnSecurity
012774fb2250cecaa5c7744e7ee089dc_scanned-000466651.doc.wasm,javascript,unknown,no,GeeksOnSecurity
sample9219.wasm,javascript,unknown,no,GeeksOnSecurity
sample969.wasm,javascript,unknown,no,GeeksOnSecurity
sample9812.wasm,javascript,unknown,no,GeeksOnSecurity
sample971.wasm,javascript,unknown,no,GeeksOnSecurity
sample9892.wasm,javascript,unknown,no,GeeksOnSecurity
sample9508.wasm,javascript,unknown,no,GeeksOnSecurity
sample9046.wasm,javascript,unknown,no,GeeksOnSecurity
sample9312.wasm,javascript,unknown,no,GeeksOnSecurity
sample9094.wasm,javascript,unknown,no,GeeksOnSecurity
Label_000883331.doc.wasm,javascript,unknown,no,GeeksOnSecurity
sample917.wasm,javascript,unknown,no,GeeksOnSecurity
sample9138.wasm,javascript,unknown,no,GeeksOnSecurity
sample9801.wasm,javascript,unknown,no,GeeksOnSecurity
sample9468.wasm,javascript,unknown,no,GeeksOnSecurity
sample9415.wasm,javascript,unknown,no,GeeksOnSecurity
sample9274.wasm,javascript,unknown,no,GeeksOnSecurity
sample9040.wasm,javascript,unknown,no,GeeksOnSecurity
sample9026.wasm,javascript,unknown,no,GeeksOnSecurity
sample9375.wasm,javascript,unknown,no,GeeksOnSecurity
sample9751.wasm,javascript,unknown,no,GeeksOnSecurity
e3ea77d30d5f78b8e59ae5e97c255a73_invoice_sIbZa6.wasm,javascript,unknown,no,GeeksOnSecurity
sample9785.wasm,javascript,unknown,no,GeeksOnSecurity
sample9778.wasm,javascript,unknown,no,GeeksOnSecurity
sample9503.wasm,javascript,unknown,no,GeeksOnSecurity
sample9816.wasm,javascript,unknown,no,GeeksOnSecurity
5e3c8af9ce636a545d6d62c52245b5b7_doc_bJlkwd17QnK.wasm,javascript,unknown,no,GeeksOnSecurity
FedEx_ID_00608522.doc.wasm,javascript,unknown,no,GeeksOnSecurity
sample9726.wasm,javascript,unknown,no,GeeksOnSecurity
sample9222.wasm,javascript,unknown,no,GeeksOnSecurity
1b3c34f10b1036f2bc92c664217c071f_doc_8CB57lPPcER.wasm,javascript,unknown,no,GeeksOnSecurity
2016-03-02-kiwitemplates.com-caption_injected.wasm,javascript,unknown,no,GeeksOnSecurity
sample9515.wasm,javascript,unknown,no,GeeksOnSecurity
sample9421.wasm,javascript,unknown,no,GeeksOnSecurity
sample9442.wasm,javascript,unknown,no,GeeksOnSecurity
sample9477.wasm,javascript,unknown,no,GeeksOnSecurity
sample9362.wasm,javascript,unknown,no,GeeksOnSecurity
sample9822.wasm,javascript,unknown,no,GeeksOnSecurity
sample9661.wasm,javascript,unknown,no,GeeksOnSecurity
b95fa1f4275dbe799177ea2f2a68db7e_info_qP3xsBXESfL.wasm,javascript,unknown,no,GeeksOnSecurity
sample9286.wasm,javascript,unknown,no,GeeksOnSecurity
sample9494.wasm,javascript,unknown,no,GeeksOnSecurity
sample9360.wasm,javascript,unknown,no,GeeksOnSecurity
9212ecda02c5416cae4552db57c2b082_invoice_copy_CByZHr0Lkm5.wasm,javascript,unknown,no,GeeksOnSecurity
sample9505.wasm,javascript,unknown,no,GeeksOnSecurity
sample9718.wasm,javascript,unknown,no,GeeksOnSecurity
sample9528.wasm,javascript,unknown,no,GeeksOnSecurity
sample9281.wasm,javascript,unknown,no,GeeksOnSecurity
sample9790.wasm,javascript,unknown,no,GeeksOnSecurity
sample9305.wasm,javascript,unknown,no,GeeksOnSecurity
sample9814.wasm,javascript,unknown,no,GeeksOnSecurity
sample9346.wasm,javascript,unknown,no,GeeksOnSecurity
sample9338.wasm,javascript,unknown,no,GeeksOnSecurity
sample9529.wasm,javascript,unknown,no,GeeksOnSecurity
sample943.wasm,javascript,unknown,no,GeeksOnSecurity
deobfuscated_injection.wasm,javascript,unknown,no,GeeksOnSecurity
sample9332.wasm,javascript,unknown,no,GeeksOnSecurity
sample9655.wasm,javascript,unknown,no,GeeksOnSecurity
sample9429.wasm,javascript,unknown,no,GeeksOnSecurity
sample9080.wasm,javascript,unknown,no,GeeksOnSecurity
sample9838.wasm,javascript,unknown,no,GeeksOnSecurity
sample951.wasm,javascript,unknown,no,GeeksOnSecurity
sample910.wasm,javascript,unknown,no,GeeksOnSecurity
Payment_Confirmation_#358948.wasm,javascript,unknown,no,GeeksOnSecurity
sample934.wasm,javascript,unknown,no,GeeksOnSecurity
sample9530.wasm,javascript,unknown,no,GeeksOnSecurity
3ddc39c88d40aa08c60c5f6101441255_Eloy_Coffey.wasm,javascript,unknown,no,GeeksOnSecurity
sample9381.wasm,javascript,unknown,no,GeeksOnSecurity
sample9131.wasm,javascript,unknown,no,GeeksOnSecurity
sample9172.wasm,javascript,unknown,no,GeeksOnSecurity
sample914.wasm,javascript,unknown,no,GeeksOnSecurity
sample9633.wasm,javascript,unknown,no,GeeksOnSecurity
sample9837.wasm,javascript,unknown,no,GeeksOnSecurity
796ea2e8fe056b037f989e2885fc4bea_task-000484023.doc.wasm,javascript,unknown,no,GeeksOnSecurity
sample9294.wasm,javascript,unknown,no,GeeksOnSecurity
sample9732.wasm,javascript,unknown,no,GeeksOnSecurity
a6efcd55ecc9e2a7e03b8e654d11c1b0_invoice_scan_wvsp53.wasm,javascript,unknown,no,GeeksOnSecurity
sample9464.wasm,javascript,unknown,no,GeeksOnSecurity
sample9806.wasm,javascript,unknown,no,GeeksOnSecurity
sample9719.wasm,javascript,unknown,no,GeeksOnSecurity
sample9834.wasm,javascript,unknown,no,GeeksOnSecurity
sample9586.wasm,javascript,unknown,no,GeeksOnSecurity
sample9314.wasm,javascript,unknown,no,GeeksOnSecurity
sample9212.wasm,javascript,unknown,no,GeeksOnSecurity
sample9380.wasm,javascript,unknown,no,GeeksOnSecurity
sample9510.wasm,javascript,unknown,no,GeeksOnSecurity
cf322eee2133d3ea2bff056487f96589_resume_0561792011.wasm,javascript,unknown,no,GeeksOnSecurity
sample9310.wasm,javascript,unknown,no,GeeksOnSecurity
sample9445.wasm,javascript,unknown,no,GeeksOnSecurity
sample9359.wasm,javascript,unknown,no,GeeksOnSecurity
sample9316.wasm,javascript,unknown,no,GeeksOnSecurity
sample9781.wasm,javascript,unknown,no,GeeksOnSecurity
14cff84d889bf3d6973565635fe03911_invoice_SCAN_w7acB.wasm,javascript,unknown,no,GeeksOnSecurity
sample9645.wasm,javascript,unknown,no,GeeksOnSecurity
5511c1350f5de65dbfdccdc17dfe3e38_Court_Notification_000834755.doc.wasm,javascript,unknown,no,GeeksOnSecurity
sample9548.wasm,javascript,unknown,no,GeeksOnSecurity
sample9341.wasm,javascript,unknown,no,GeeksOnSecurity
sample9762.wasm,javascript,unknown,no,GeeksOnSecurity
5f592a9516fa634e1ee3bdb40707499d_fax000573723.doc.wasm,javascript,unknown,no,GeeksOnSecurity
sample9304.wasm,javascript,unknown,no,GeeksOnSecurity
26b1bb362b487a80ba81eec350feb975_invoice_copy_KWzaWf0Jlpn.wasm,javascript,unknown,no,GeeksOnSecurity
sample9885.wasm,javascript,unknown,no,GeeksOnSecurity
sample9295.wasm,javascript,unknown,no,GeeksOnSecurity
7326c9cf4de232c8be684fa98fd63f4e_scanned_00875571.doc.wasm,javascript,unknown,no,GeeksOnSecurity
sample9136.wasm,javascript,unknown,no,GeeksOnSecurity
sample941.wasm,javascript,unknown,no,GeeksOnSecurity
2016-02-15-page-from-waterfrontsouthgate.com.au_injected.wasm,javascript,unknown,no,GeeksOnSecurity
7ef338b1be20c6b6bbb443694679efa2_invoice_scan_dPFyfS.wasm,javascript,unknown,no,GeeksOnSecurity
sample9282.wasm,javascript,unknown,no,GeeksOnSecurity
sample9800.wasm,javascript,unknown,no,GeeksOnSecurity
01c21dba632f4a02c22eaa69878cc9dd_invoice_20ii4w.wasm,javascript,unknown,no,GeeksOnSecurity
sample9350.wasm,javascript,unknown,no,GeeksOnSecurity
sample9249.wasm,javascript,unknown,no,GeeksOnSecurity
sample9208.wasm,javascript,unknown,no,GeeksOnSecurity
16a57b1149fa302bf54e8039ac463e17_inv_877.wasm,javascript,unknown,no,GeeksOnSecurity
sample9789.wasm,javascript,unknown,no,GeeksOnSecurity
sample9257.wasm,javascript,unknown,no,GeeksOnSecurity
1b53458c5cdbf089a85a73a7d00fbe23_FedEx_ID_00000589714.doc.wasm,javascript,unknown,no,GeeksOnSecurity
sample9543.wasm,javascript,unknown,no,GeeksOnSecurity
sample9649.wasm,javascript,unknown,no,GeeksOnSecurity
sample9593.wasm,javascript,unknown,no,GeeksOnSecurity
sample9297.wasm,javascript,unknown,no,GeeksOnSecurity
c80ec1bb253789953b5c4c9873e37b53_00000668098.doc.wasm,javascript,unknown,no,GeeksOnSecurity
sample9472.wasm,javascript,unknown,no,GeeksOnSecurity
sample9559.wasm,javascript,unknown,no,GeeksOnSecurity
sample9243.wasm,javascript,unknown,no,GeeksOnSecurity
2016-02-11-www.pdcmemphis.com-wp-emoji-releae_injected.wasm,javascript,unknown,no,GeeksOnSecurity
sample9777.wasm,javascript,unknown,no,GeeksOnSecurity
sample9441.wasm,javascript,unknown,no,GeeksOnSecurity
89c4df86b20d7aefe84b789322ac4a62_00000632398.doc.wasm,javascript,unknown,no,GeeksOnSecurity
sample9753.wasm,javascript,unknown,no,GeeksOnSecurity
sample9390.wasm,javascript,unknown,no,GeeksOnSecurity
sample9799.wasm,javascript,unknown,no,GeeksOnSecurity
sample9100.wasm,javascript,unknown,no,GeeksOnSecurity
sample9646.wasm,javascript,unknown,no,GeeksOnSecurity
sample9538.wasm,javascript,unknown,no,GeeksOnSecurity
sample9810.wasm,javascript,unknown,no,GeeksOnSecurity
3a9c2f808718a0caca227c6ace3fc7b9_doc_DZBvmZYItyW.wasm,javascript,unknown,no,GeeksOnSecurity
Delivery_Notification_000240361.doc.wasm,javascript,unknown,no,GeeksOnSecurity
sample9783.wasm,javascript,unknown,no,GeeksOnSecurity
sample9400.wasm,javascript,unknown,no,GeeksOnSecurity
16aa576fa15d274b58b2b023caa556b1_Resume_Eliseo_Hughes.wasm,javascript,unknown,no,GeeksOnSecurity
sample9232.wasm,javascript,unknown,no,GeeksOnSecurity
sample9809.wasm,javascript,unknown,no,GeeksOnSecurity
sample9794.wasm,javascript,unknown,no,GeeksOnSecurity
sample9683.wasm,javascript,unknown,no,GeeksOnSecurity
06bc28c42a92c18f5eff141526118b4c_invoice_copy_WzCwCwtpdXL.wasm,javascript,unknown,no,GeeksOnSecurity
sample9691.wasm,javascript,unknown,no,GeeksOnSecurity
sample9058.wasm,javascript,unknown,no,GeeksOnSecurity
sample9079.wasm,javascript,unknown,no,GeeksOnSecurity
sample9392.wasm,javascript,unknown,no,GeeksOnSecurity
79d6a20b24017cf442e64c11c5fcd1ae_invoice_n8wFeY.wasm,javascript,unknown,no,GeeksOnSecurity
sample9016.wasm,javascript,unknown,no,GeeksOnSecurity
f39bce829406e6579f89c98aa4d86020_Edgar_Newton.wasm,javascript,unknown,no,GeeksOnSecurity
sample9205.wasm,javascript,unknown,no,GeeksOnSecurity
sample9328.wasm,javascript,unknown,no,GeeksOnSecurity
sample9553.wasm,javascript,unknown,no,GeeksOnSecurity
sample9246.wasm,javascript,unknown,no,GeeksOnSecurity
sample9158.wasm,javascript,unknown,no,GeeksOnSecurity
494da830063b9ceb42a3773bebaa7a95_scanned000949661.doc.wasm,javascript,unknown,no,GeeksOnSecurity
5e7e3c49f565086004dce7ebf407d6da_scanned0000185336.doc.wasm,javascript,unknown,no,GeeksOnSecurity
sample9169.wasm,javascript,unknown,no,GeeksOnSecurity
sample9516.wasm,javascript,unknown,no,GeeksOnSecurity
6721a3616e4bd381e91f8fd4fc3f4651_doc.wasm,javascript,unknown,no,GeeksOnSecurity
sample9714.wasm,javascript,unknown,no,GeeksOnSecurity
sample9496.wasm,javascript,unknown,no,GeeksOnSecurity
sample9234.wasm,javascript,unknown,no,GeeksOnSecurity
sample9356.wasm,javascript,unknown,no,GeeksOnSecurity
sample9786.wasm,javascript,unknown,no,GeeksOnSecurity
sample9833.wasm,javascript,unknown,no,GeeksOnSecurity
sample9658.wasm,javascript,unknown,no,GeeksOnSecurity
sample9066.wasm,javascript,unknown,no,GeeksOnSecurity
sample9229.wasm,javascript,unknown,no,GeeksOnSecurity
sample9761.wasm,javascript,unknown,no,GeeksOnSecurity
21286ad1cdb6ee7759ec78967880c6c6_invoice_copy_ONPAUemb5VM.wasm,javascript,unknown,no,GeeksOnSecurity
sample9407.wasm,javascript,unknown,no,GeeksOnSecurity
sample977.wasm,javascript,unknown,no,GeeksOnSecurity
sample9703.wasm,javascript,unknown,no,GeeksOnSecurity
sample9750.wasm,javascript,unknown,no,GeeksOnSecurity
sample9665.wasm,javascript,unknown,no,GeeksOnSecurity
sample904.wasm,javascript,unknown,no,GeeksOnSecurity
sample9490.wasm,javascript,unknown,no,GeeksOnSecurity
40b11546f656a82ea5950d3ac00be595_scanned_000522985.doc.wasm,javascript,unknown,no,GeeksOnSecurity
sample9518.wasm,javascript,unknown,no,GeeksOnSecurity
sample9884.wasm,javascript,unknown,no,GeeksOnSecurity
sample9355.wasm,javascript,unknown,no,GeeksOnSecurity
sample9710.wasm,javascript,unknown,no,GeeksOnSecurity
sample9224.wasm,javascript,unknown,no,GeeksOnSecurity
sample979.wasm,javascript,unknown,no,GeeksOnSecurity
sample9137.wasm,javascript,unknown,no,GeeksOnSecurity
de3043221ad10752ec6f73014bcbe6f4_img.wasm,javascript,unknown,no,GeeksOnSecurity
sample928.wasm,javascript,unknown,no,GeeksOnSecurity
sample9060.wasm,javascript,unknown,no,GeeksOnSecurity
sample9242.wasm,javascript,unknown,no,GeeksOnSecurity
sample9654.wasm,javascript,unknown,no,GeeksOnSecurity
sample9500.wasm,javascript,unknown,no,GeeksOnSecurity
sample9611.wasm,javascript,unknown,no,GeeksOnSecurity
sample9025.wasm,javascript,unknown,no,GeeksOnSecurity
sample9192.wasm,javascript,unknown,no,GeeksOnSecurity
66817e3a5add68581cf0258c8a2fdf81_invoice_scan_N7YEJb.wasm,javascript,unknown,no,GeeksOnSecurity
FedEx_ID_00371524.doc.wasm,javascript,unknown,no,GeeksOnSecurity
sample9417.wasm,javascript,unknown,no,GeeksOnSecurity
Notice_to_Appear_0000893857.doc.wasm,javascript,unknown,no,GeeksOnSecurity
sample9387.wasm,javascript,unknown,no,GeeksOnSecurity
sample9240.wasm,javascript,unknown,no,GeeksOnSecurity
sample9537.wasm,javascript,unknown,no,GeeksOnSecurity
sample9424.wasm,javascript,unknown,no,GeeksOnSecurity
sample9677.wasm,javascript,unknown,no,GeeksOnSecurity
sample9199.wasm,javascript,unknown,no,GeeksOnSecurity
sample9605.wasm,javascript,unknown,no,GeeksOnSecurity
sample957.wasm,javascript,unknown,no,GeeksOnSecurity
sample9277.wasm,javascript,unknown,no,GeeksOnSecurity
42cbed5861c4bdd874e8d26b70cdf76b_doc_EcKWggnQQp1.wasm,javascript,unknown,no,GeeksOnSecurity
sample9434.wasm,javascript,unknown,no,GeeksOnSecurity
sample9784.wasm,javascript,unknown,no,GeeksOnSecurity
sample9008.wasm,javascript,unknown,no,GeeksOnSecurity
sample9595.wasm,javascript,unknown,no,GeeksOnSecurity
sample9583.wasm,javascript,unknown,no,GeeksOnSecurity
sample9752.wasm,javascript,unknown,no,GeeksOnSecurity
0352acd36fedd29e12aceb0068c66b49_INVOICE_main_BD3847636213.wasm,javascript,unknown,no,GeeksOnSecurity
sample9007.wasm,javascript,unknown,no,GeeksOnSecurity
sample9856.wasm,javascript,unknown,no,GeeksOnSecurity
sample9687.wasm,javascript,unknown,no,GeeksOnSecurity
FedEx_0000694940.doc.wasm,javascript,unknown,no,GeeksOnSecurity
sample9035.wasm,javascript,unknown,no,GeeksOnSecurity
sample9254.wasm,javascript,unknown,no,GeeksOnSecurity
0aa2129d4c34230c758edb2371c55435_part1.wasm,javascript,unknown,no,GeeksOnSecurity
sample9220.wasm,javascript,unknown,no,GeeksOnSecurity
sample9735.wasm,javascript,unknown,no,GeeksOnSecurity
sample9225.wasm,javascript,unknown,no,GeeksOnSecurity
sample9337.wasm,javascript,unknown,no,GeeksOnSecurity
sample9740.wasm,javascript,unknown,no,GeeksOnSecurity
45caa955092492c4b6057a407ffe6b2d_scan-000995301.doc.wasm,javascript,unknown,no,GeeksOnSecurity
9d90ade2f9f73f5de077275d288872ec_invoice_scan_vilGzU.xls.wasm,javascript,unknown,no,GeeksOnSecurity
49e6185c11f5bca2dafc6d224e19795e_document_00290609.doc.wasm,javascript,unknown,no,GeeksOnSecurity
d0b06477a69a7853a8ea953fd7310ffd_scanned00259309.doc.wasm,javascript,unknown,no,GeeksOnSecurity
sample9567.wasm,javascript,unknown,no,GeeksOnSecurity
sample9546.wasm,javascript,unknown,no,GeeksOnSecurity
sample9112.wasm,javascript,unknown,no,GeeksOnSecurity
sample9204.wasm,javascript,unknown,no,GeeksOnSecurity
sample9278.wasm,javascript,unknown,no,GeeksOnSecurity
sample9716.wasm,javascript,unknown,no,GeeksOnSecurity
sample9397.wasm,javascript,unknown,no,GeeksOnSecurity
sample9077.wasm,javascript,unknown,no,GeeksOnSecurity
sample9174.wasm,javascript,unknown,no,GeeksOnSecurity
sample9202.wasm,javascript,unknown,no,GeeksOnSecurity
sample9425.wasm,javascript,unknown,no,GeeksOnSecurity
sample9073.wasm,javascript,unknown,no,GeeksOnSecurity
8e36816f81ac602a7485d37261aa9ebc_doc_LuWM7AUoyNf.wasm,javascript,unknown,no,GeeksOnSecurity
sample9408.wasm,javascript,unknown,no,GeeksOnSecurity
prototype.wasm,javascript,unknown,no,GeeksOnSecurity
sample9091.wasm,javascript,unknown,no,GeeksOnSecurity
sample9759.wasm,javascript,unknown,no,GeeksOnSecurity
003e2e90f553f6da5985c1018f4d076e_Resume_Darnell_Ho.wasm,javascript,unknown,no,GeeksOnSecurity
000483551.doc.wasm,javascript,unknown,no,GeeksOnSecurity
1a943ac0fae975a237546e7d5c024dbc_Fattura_09547.pdf.wasm,javascript,unknown,no,GeeksOnSecurity
sample9217.wasm,javascript,unknown,no,GeeksOnSecurity
sample981.wasm,javascript,unknown,no,GeeksOnSecurity
sample9599.wasm,javascript,unknown,no,GeeksOnSecurity
0ca4dfa11bbdad64aebebed3b84f247d_document_000778804.doc.wasm,javascript,unknown,no,GeeksOnSecurity
sample9063.wasm,javascript,unknown,no,GeeksOnSecurity
sample9763.wasm,javascript,unknown,no,GeeksOnSecurity
sample9666.wasm,javascript,unknown,no,GeeksOnSecurity
sample9256.wasm,javascript,unknown,no,GeeksOnSecurity
sample9419.wasm,javascript,unknown,no,GeeksOnSecurity
sample9711.wasm,javascript,unknown,no,GeeksOnSecurity
sample9588.wasm,javascript,unknown,no,GeeksOnSecurity
FedEx_ID_000216778.doc.wasm,javascript,unknown,no,GeeksOnSecurity
e379bd9f3bf63bacddd858f4a978688a_America_Airlines_Ticket_00000609561.doc.wasm,javascript,unknown,no,GeeksOnSecurity
sample9179.wasm,javascript,unknown,no,GeeksOnSecurity
sample9501.wasm,javascript,unknown,no,GeeksOnSecurity
sample9787.wasm,javascript,unknown,no,GeeksOnSecurity
000342362.doc.wasm,javascript,unknown,no,GeeksOnSecurity
sample924.wasm,javascript,unknown,no,GeeksOnSecurity
sample9625.wasm,javascript,unknown,no,GeeksOnSecurity
sample9339.wasm,javascript,unknown,no,GeeksOnSecurity
sample9474.wasm,javascript,unknown,no,GeeksOnSecurity
Joshua_Powell.wasm,javascript,unknown,no,GeeksOnSecurity
sample9514.wasm,javascript,unknown,no,GeeksOnSecurity
sample9105.wasm,javascript,unknown,no,GeeksOnSecurity
sample9576.wasm,javascript,unknown,no,GeeksOnSecurity
6c37c94a69f3761c10b5ebef058666cf_fax0000513565.doc.wasm,javascript,unknown,no,GeeksOnSecurity
sample9123.wasm,javascript,unknown,no,GeeksOnSecurity
sample9451.wasm,javascript,unknown,no,GeeksOnSecurity
sample9544.wasm,javascript,unknown,no,GeeksOnSecurity
sample9068.wasm,javascript,unknown,no,GeeksOnSecurity
c16448271c2252f6d83933ec09cc9d0c_00867542.doc.wasm,javascript,unknown,no,GeeksOnSecurity
47b8e4c568ccc282a6e743ef4b8c0f54_Sebastian_Compton.wasm,javascript,unknown,no,GeeksOnSecurity
000994579.doc.wasm,javascript,unknown,no,GeeksOnSecurity
3f2b53054001016a28d63d155c5e16c4_document_00000354435.doc.wasm,javascript,unknown,no,GeeksOnSecurity
sample9438.wasm,javascript,unknown,no,GeeksOnSecurity
f3f2d9e6f53520f3020d54c2a6706889_doc_KT8BwmtUTli.wasm,javascript,unknown,no,GeeksOnSecurity
sample9107.wasm,javascript,unknown,no,GeeksOnSecurity
sample9148.wasm,javascript,unknown,no,GeeksOnSecurity
sample9121.wasm,javascript,unknown,no,GeeksOnSecurity
sample9376.wasm,javascript,unknown,no,GeeksOnSecurity
sample9334.wasm,javascript,unknown,no,GeeksOnSecurity
sample9062.wasm,javascript,unknown,no,GeeksOnSecurity
sample9210.wasm,javascript,unknown,no,GeeksOnSecurity
sample9721.wasm,javascript,unknown,no,GeeksOnSecurity
sample946.wasm,javascript,unknown,no,GeeksOnSecurity
sample9230.wasm,javascript,unknown,no,GeeksOnSecurity
sample9757.wasm,javascript,unknown,no,GeeksOnSecurity
sample9406.wasm,javascript,unknown,no,GeeksOnSecurity
sample9446.wasm,javascript,unknown,no,GeeksOnSecurity
640191e17730433653808aa875e8a183_info_kSpG1bweMQ5.wasm,javascript,unknown,no,GeeksOnSecurity
sample9161.wasm,javascript,unknown,no,GeeksOnSecurity
sample9043.wasm,javascript,unknown,no,GeeksOnSecurity
sample9467.wasm,javascript,unknown,no,GeeksOnSecurity
sample9511.wasm,javascript,unknown,no,GeeksOnSecurity
sample9722.wasm,javascript,unknown,no,GeeksOnSecurity
sample9470.wasm,javascript,unknown,no,GeeksOnSecurity
bd213058ed57ee623a229943fe956220_document-0000682687.doc.wasm,javascript,unknown,no,GeeksOnSecurity
Court_Notification_0000334020.doc.wasm,javascript,unknown,no,GeeksOnSecurity
sample9383.wasm,javascript,unknown,no,GeeksOnSecurity
f2ce75a44f1673cd5ae9d1f37f7e18b3_dokument_952.pdf.wasm,javascript,unknown,no,GeeksOnSecurity
cdc15f4b2a4a8dd726a53ec585dd1138_Informazione_1534.pdf.wasm,javascript,unknown,no,GeeksOnSecurity
sample9741.wasm,javascript,unknown,no,GeeksOnSecurity
sample9001.wasm,javascript,unknown,no,GeeksOnSecurity
e8fb7d28766bedce701eaa2616fc5cb7_info_pcZUHr0gKSF.wasm,javascript,unknown,no,GeeksOnSecurity
sample9082.wasm,javascript,unknown,no,GeeksOnSecurity
sample9506.wasm,javascript,unknown,no,GeeksOnSecurity
sample9765.wasm,javascript,unknown,no,GeeksOnSecurity
9cbf9e390e232ea4cf005de400343372_invoice_scan_syA9FP.docx.wasm,javascript,unknown,no,GeeksOnSecurity
d6fa6cc2a1ed666caa11bd0151218d44_doc_oNclhFavq3q.wasm,javascript,unknown,no,GeeksOnSecurity
sample9117.wasm,javascript,unknown,no,GeeksOnSecurity
Notice_to_Appear_0000420260.doc.wasm,javascript,unknown,no,GeeksOnSecurity
sample9193.wasm,javascript,unknown,no,GeeksOnSecurity
74362d33eb5f6d4f42f82b597bd9ddfb_fax-00000433103.doc.wasm,javascript,unknown,no,GeeksOnSecurity
sample9499.wasm,javascript,unknown,no,GeeksOnSecurity
sample9673.wasm,javascript,unknown,no,GeeksOnSecurity
sample9013.wasm,javascript,unknown,no,GeeksOnSecurity
sample9184.wasm,javascript,unknown,no,GeeksOnSecurity
Resume_-_Shawn_Morse.wasm,javascript,unknown,no,GeeksOnSecurity
sample9715.wasm,javascript,unknown,no,GeeksOnSecurity
sample9142.wasm,javascript,unknown,no,GeeksOnSecurity
sample9443.wasm,javascript,unknown,no,GeeksOnSecurity
sample9747.wasm,javascript,unknown,no,GeeksOnSecurity
sample9489.wasm,javascript,unknown,no,GeeksOnSecurity
sample9651.wasm,javascript,unknown,no,GeeksOnSecurity
e5194886430ab8ef45c7922993b23bbc_scanned-00714557.doc.wasm,javascript,unknown,no,GeeksOnSecurity
5ef94ac0cc6e5069e0823a49b825f19b_scan-000824902.doc.wasm,javascript,unknown,no,GeeksOnSecurity
7ef5fcf12067e5802c8844eb7829a7ae_000955050.doc.wasm,javascript,unknown,no,GeeksOnSecurity
sample9110.wasm,javascript,unknown,no,GeeksOnSecurity
sample960.wasm,javascript,unknown,no,GeeksOnSecurity
sample9022.wasm,javascript,unknown,no,GeeksOnSecurity
sample9650.wasm,javascript,unknown,no,GeeksOnSecurity
c1450b0afd7e5a7ea22177c471d6f6c1_Court_Notification_000406563.doc.wasm,javascript,unknown,no,GeeksOnSecurity
sample9255.wasm,javascript,unknown,no,GeeksOnSecurity
sample9607.wasm,javascript,unknown,no,GeeksOnSecurity
sample9616.wasm,javascript,unknown,no,GeeksOnSecurity
1059c44d9651f51761bcb56641dd94cd_Fattura_09547.pdf.wasm,javascript,unknown,no,GeeksOnSecurity
a2e11a167a055dc824a4695b04ccc8a5_img.wasm,javascript,unknown,no,GeeksOnSecurity
sample974.wasm,javascript,unknown,no,GeeksOnSecurity
sample9492.wasm,javascript,unknown,no,GeeksOnSecurity
sample9006.wasm,javascript,unknown,no,GeeksOnSecurity
0000290134.doc.wasm,javascript,unknown,no,GeeksOnSecurity
sample9590.wasm,javascript,unknown,no,GeeksOnSecurity
sample9824.wasm,javascript,unknown,no,GeeksOnSecurity
sample9146.wasm,javascript,unknown,no,GeeksOnSecurity
sample9127.wasm,javascript,unknown,no,GeeksOnSecurity
sample9147.wasm,javascript,unknown,no,GeeksOnSecurity
sample9602.wasm,javascript,unknown,no,GeeksOnSecurity
sample9700.wasm,javascript,unknown,no,GeeksOnSecurity
sample9476.wasm,javascript,unknown,no,GeeksOnSecurity
96b13c847e6b2432a6bf4338d6935f6a_info_1aXAmms92hX.wasm,javascript,unknown,no,GeeksOnSecurity
sample968.wasm,javascript,unknown,no,GeeksOnSecurity
sample9056.wasm,javascript,unknown,no,GeeksOnSecurity
sample9731.wasm,javascript,unknown,no,GeeksOnSecurity
sample9036.wasm,javascript,unknown,no,GeeksOnSecurity
000131617.doc.wasm,javascript,unknown,no,GeeksOnSecurity
sample9730.wasm,javascript,unknown,no,GeeksOnSecurity
sample9298.wasm,javascript,unknown,no,GeeksOnSecurity
sample9746.wasm,javascript,unknown,no,GeeksOnSecurity
sample9320.wasm,javascript,unknown,no,GeeksOnSecurity
000945461.doc.wasm,javascript,unknown,no,GeeksOnSecurity
sample9667.wasm,javascript,unknown,no,GeeksOnSecurity
sample9704.wasm,javascript,unknown,no,GeeksOnSecurity
sample9618.wasm,javascript,unknown,no,GeeksOnSecurity
sample9293.wasm,javascript,unknown,no,GeeksOnSecurity
00443048.doc.wasm,javascript,unknown,no,GeeksOnSecurity
ea2491377f9c0dc669002101e2f76167_doc_GcxdHfLcHfv.wasm,javascript,unknown,no,GeeksOnSecurity
59c5052b5b38691d6b72c60459a2160c_doc_SSC6MWI1EMT.wasm,javascript,unknown,no,GeeksOnSecurity
sample9748.wasm,javascript,unknown,no,GeeksOnSecurity
sample927.wasm,javascript,unknown,no,GeeksOnSecurity
sample9416.wasm,javascript,unknown,no,GeeksOnSecurity
sample9260.wasm,javascript,unknown,no,GeeksOnSecurity
c665eb994f4a0d929749fd1307f38d17_img.wasm,javascript,unknown,no,GeeksOnSecurity
sample942.wasm,javascript,unknown,no,GeeksOnSecurity
sample9345.wasm,javascript,unknown,no,GeeksOnSecurity
f96a37a0fc5de361af5a64515f21c481_doc.wasm,javascript,unknown,no,GeeksOnSecurity
77eafc30299ef982322b86fdea20857d_Victor_Haynes.wasm,javascript,unknown,no,GeeksOnSecurity
sample9897.wasm,javascript,unknown,no,GeeksOnSecurity
sample9674.wasm,javascript,unknown,no,GeeksOnSecurity
sample9070.wasm,javascript,unknown,no,GeeksOnSecurity
sample9771.wasm,javascript,unknown,no,GeeksOnSecurity
sample9685.wasm,javascript,unknown,no,GeeksOnSecurity
sample9290.wasm,javascript,unknown,no,GeeksOnSecurity
c251b2de959bd7a9c75878a6d24f2761_Gerald_Pena.wasm,javascript,unknown,no,GeeksOnSecurity
sample9299.wasm,javascript,unknown,no,GeeksOnSecurity
sample9149.wasm,javascript,unknown,no,GeeksOnSecurity
sample9331.wasm,javascript,unknown,no,GeeksOnSecurity
sample9458.wasm,javascript,unknown,no,GeeksOnSecurity
sample9466.wasm,javascript,unknown,no,GeeksOnSecurity
sample9321.wasm,javascript,unknown,no,GeeksOnSecurity
sample9251.wasm,javascript,unknown,no,GeeksOnSecurity
sample9734.wasm,javascript,unknown,no,GeeksOnSecurity
sample9453.wasm,javascript,unknown,no,GeeksOnSecurity
sample9796.wasm,javascript,unknown,no,GeeksOnSecurity
b140835f67ec919bc2568b1f9518d78c_img_vgZpLe.wasm,javascript,unknown,no,GeeksOnSecurity
8c2c6e1c8f8cc931e2d32694bf6cbfdc_doc_RfXik8XV8L5.wasm,javascript,unknown,no,GeeksOnSecurity
sample9887.wasm,javascript,unknown,no,GeeksOnSecurity
sample9562.wasm,javascript,unknown,no,GeeksOnSecurity
sample9086.wasm,javascript,unknown,no,GeeksOnSecurity
4e8d66b307c26969d03bd8fa3e9824a7_invoice_copy_KOsz7D.wasm,javascript,unknown,no,GeeksOnSecurity
sample9106.wasm,javascript,unknown,no,GeeksOnSecurity
sample9391.wasm,javascript,unknown,no,GeeksOnSecurity
sample9404.wasm,javascript,unknown,no,GeeksOnSecurity
sample952.wasm,javascript,unknown,no,GeeksOnSecurity
E-ZPass_00771336.doc.wasm,javascript,unknown,no,GeeksOnSecurity
sample9303.wasm,javascript,unknown,no,GeeksOnSecurity
sample9797.wasm,javascript,unknown,no,GeeksOnSecurity
sample9620.wasm,javascript,unknown,no,GeeksOnSecurity
Court_Notification_000619528.doc.wasm,javascript,unknown,no,GeeksOnSecurity
sample9379.wasm,javascript,unknown,no,GeeksOnSecurity
sample9776.wasm,javascript,unknown,no,GeeksOnSecurity
sample975.wasm,javascript,unknown,no,GeeksOnSecurity
sample9696.wasm,javascript,unknown,no,GeeksOnSecurity
Notice_to_Appear_0000922120.doc.wasm,javascript,unknown,no,GeeksOnSecurity
sample913.wasm,javascript,unknown,no,GeeksOnSecurity
sample9635.wasm,javascript,unknown,no,GeeksOnSecurity
Invoice_00532736.doc.wasm,javascript,unknown,no,GeeksOnSecurity
sample9460.wasm,javascript,unknown,no,GeeksOnSecurity
sample9306.wasm,javascript,unknown,no,GeeksOnSecurity
sample9427.wasm,javascript,unknown,no,GeeksOnSecurity
sample9827.wasm,javascript,unknown,no,GeeksOnSecurity
sample9288.wasm,javascript,unknown,no,GeeksOnSecurity
sample9670.wasm,javascript,unknown,no,GeeksOnSecurity
00000307425.doc.wasm,javascript,unknown,no,GeeksOnSecurity
sample9659.wasm,javascript,unknown,no,GeeksOnSecurity
sample9270.wasm,javascript,unknown,no,GeeksOnSecurity
000714113.zip^000714113.doc.wasm,javascript,unknown,no,GeeksOnSecurity
981ca9ea5e54f34f426c17aeee412277_info_fq64tPIv4lF.wasm,javascript,unknown,no,GeeksOnSecurity
sample918.wasm,javascript,unknown,no,GeeksOnSecurity
sample9266.wasm,javascript,unknown,no,GeeksOnSecurity
sample9851.wasm,javascript,unknown,no,GeeksOnSecurity
sample9440.wasm,javascript,unknown,no,GeeksOnSecurity
sample9621.wasm,javascript,unknown,no,GeeksOnSecurity
sample9000.wasm,javascript,unknown,no,GeeksOnSecurity
sample9067.wasm,javascript,unknown,no,GeeksOnSecurity
sample9045.wasm,javascript,unknown,no,GeeksOnSecurity
sample9029.wasm,javascript,unknown,no,GeeksOnSecurity
sample9652.wasm,javascript,unknown,no,GeeksOnSecurity
sample9344.wasm,javascript,unknown,no,GeeksOnSecurity
Maynard_Mills.wasm,javascript,unknown,no,GeeksOnSecurity
sample925.wasm,javascript,unknown,no,GeeksOnSecurity
sample9153.wasm,javascript,unknown,no,GeeksOnSecurity
sample903.wasm,javascript,unknown,no,GeeksOnSecurity
Notice_to_Appear_0000461549.doc.wasm,javascript,unknown,no,GeeksOnSecurity
sample9502.wasm,javascript,unknown,no,GeeksOnSecurity
f5c3d18ebe9c81f098d4b8ce7c7dec54_invoice_scan_H8oKRg.wasm,javascript,unknown,no,GeeksOnSecurity
sample9114.wasm,javascript,unknown,no,GeeksOnSecurity
sample9130.wasm,javascript,unknown,no,GeeksOnSecurity
sample9265.wasm,javascript,unknown,no,GeeksOnSecurity
sample937.wasm,javascript,unknown,no,GeeksOnSecurity
sample9493.wasm,javascript,unknown,no,GeeksOnSecurity
598f128aee3ca29c8a073204e764c850_doc.wasm,javascript,unknown,no,GeeksOnSecurity
sample9513.wasm,javascript,unknown,no,GeeksOnSecurity
sample9292.wasm,javascript,unknown,no,GeeksOnSecurity
6467b6025e679fc34f2da4231f5e42fa_scan_000549493.doc.wasm,javascript,unknown,no,GeeksOnSecurity
0515php_layer2_FlashEK_2014-06-06.wasm,javascript,unknown,no,GeeksOnSecurity
sample9326.wasm,javascript,unknown,no,GeeksOnSecurity
Court_Notification_00738907.doc.wasm,javascript,unknown,no,GeeksOnSecurity
sample921.wasm,javascript,unknown,no,GeeksOnSecurity
sample9296.wasm,javascript,unknown,no,GeeksOnSecurity
sample9064.wasm,javascript,unknown,no,GeeksOnSecurity
sample9005.wasm,javascript,unknown,no,GeeksOnSecurity
sample9159.wasm,javascript,unknown,no,GeeksOnSecurity
sample9134.wasm,javascript,unknown,no,GeeksOnSecurity
eed3486578a30ada2c3850dba0e0790d_Desmond_Mccann.wasm,javascript,unknown,no,GeeksOnSecurity
7077f78ba8ad90527979b11a4ac5d614_info_Jw5cmYbwVVv.wasm,javascript,unknown,no,GeeksOnSecurity
0000177235.doc.wasm,javascript,unknown,no,GeeksOnSecurity
sample9322.wasm,javascript,unknown,no,GeeksOnSecurity
17f2db1ee1b452d505d9b2d911325e84_img.wasm,javascript,unknown,no,GeeksOnSecurity
sample9410.wasm,javascript,unknown,no,GeeksOnSecurity
sample9401.wasm,javascript,unknown,no,GeeksOnSecurity
sample9589.wasm,javascript,unknown,no,GeeksOnSecurity
sample932.wasm,javascript,unknown,no,GeeksOnSecurity
cf8f0c914e4196c76886303aecda903f_00109467.doc.wasm,javascript,unknown,no,GeeksOnSecurity
sample9097.wasm,javascript,unknown,no,GeeksOnSecurity
sample9250.wasm,javascript,unknown,no,GeeksOnSecurity
84865ec121b473539e11740a3ad43c9a_doc_BWD3y3U3Rwq.wasm,javascript,unknown,no,GeeksOnSecurity
87e78813c06142f5d93bd40c97372f96_invoice_TPpVCB.wasm,javascript,unknown,no,GeeksOnSecurity
sample948.wasm,javascript,unknown,no,GeeksOnSecurity
2016-03-02-kiwitemplates.com-engine.mootools_injected.wasm,javascript,unknown,no,GeeksOnSecurity
sample970.wasm,javascript,unknown,no,GeeksOnSecurity
2015-07-17-malicious-javascript-from-stepanovichon.com.wasm,javascript,unknown,no,GeeksOnSecurity
sample9155.wasm,javascript,unknown,no,GeeksOnSecurity
sample9557.wasm,javascript,unknown,no,GeeksOnSecurity
sample9613.wasm,javascript,unknown,no,GeeksOnSecurity
Notice_to_Appear_00664870.doc.wasm,javascript,unknown,no,GeeksOnSecurity
sample9412.wasm,javascript,unknown,no,GeeksOnSecurity
sample9623.wasm,javascript,unknown,no,GeeksOnSecurity
sample9775.wasm,javascript,unknown,no,GeeksOnSecurity
4cc99c3a387b55e57a8eec0171b5b6eb_scan_0000999369.doc.wasm,javascript,unknown,no,GeeksOnSecurity
sample9115.wasm,javascript,unknown,no,GeeksOnSecurity
c81b4512546575d3c080d10ac86173e8_scanned.0000925811.doc.wasm,javascript,unknown,no,GeeksOnSecurity
sample9313.wasm,javascript,unknown,no,GeeksOnSecurity
sample9656.wasm,javascript,unknown,no,GeeksOnSecurity
E-ZPass_000255667.doc.wasm,javascript,unknown,no,GeeksOnSecurity
96e5151ec766aeccc7ff17b7238f7c41_scanned-00754689.doc.wasm,javascript,unknown,no,GeeksOnSecurity
sample9628.wasm,javascript,unknown,no,GeeksOnSecurity
sample9808.wasm,javascript,unknown,no,GeeksOnSecurity
sample9461.wasm,javascript,unknown,no,GeeksOnSecurity
sample9154.wasm,javascript,unknown,no,GeeksOnSecurity
sample9825.wasm,javascript,unknown,no,GeeksOnSecurity
sample963.wasm,javascript,unknown,no,GeeksOnSecurity
sample9071.wasm,javascript,unknown,no,GeeksOnSecurity
0a811273675f5e6cb0b7dbcbdaae584e_My_resume_Clyde_Ellison.wasm,javascript,unknown,no,GeeksOnSecurity
injected.wasm,javascript,unknown,no,GeeksOnSecurity
sample9644.wasm,javascript,unknown,no,GeeksOnSecurity
2b4ee07fc6aa51d0808aa997dbdd8afc_00000859517.doc.wasm,javascript,unknown,no,GeeksOnSecurity
c505b9190014677e08eec0f016208c8d_Notice_to_Appear_00000255820.doc.wasm,javascript,unknown,no,GeeksOnSecurity
sample9418.wasm,javascript,unknown,no,GeeksOnSecurity
sample9377.wasm,javascript,unknown,no,GeeksOnSecurity
sample9705.wasm,javascript,unknown,no,GeeksOnSecurity
sample9587.wasm,javascript,unknown,no,GeeksOnSecurity
sample940.wasm,javascript,unknown,no,GeeksOnSecurity
sample9160.wasm,javascript,unknown,no,GeeksOnSecurity
sample9598.wasm,javascript,unknown,no,GeeksOnSecurity
Your_order_No._385733_has_been_declined.wasm,javascript,unknown,no,GeeksOnSecurity
sample916.wasm,javascript,unknown,no,GeeksOnSecurity
sample9398.wasm,javascript,unknown,no,GeeksOnSecurity
sample9835.wasm,javascript,unknown,no,GeeksOnSecurity
sample9108.wasm,javascript,unknown,no,GeeksOnSecurity
sample9098.wasm,javascript,unknown,no,GeeksOnSecurity
sample9342.wasm,javascript,unknown,no,GeeksOnSecurity
sample9457.wasm,javascript,unknown,no,GeeksOnSecurity
sample9820.wasm,javascript,unknown,no,GeeksOnSecurity
b0c8255dc90631599b482ba657697896_scan_00659086.doc.wasm,javascript,unknown,no,GeeksOnSecurity
sample9662.wasm,javascript,unknown,no,GeeksOnSecurity
sample9574.wasm,javascript,unknown,no,GeeksOnSecurity
sample9228.wasm,javascript,unknown,no,GeeksOnSecurity
sample9348.wasm,javascript,unknown,no,GeeksOnSecurity
sample9353.wasm,javascript,unknown,no,GeeksOnSecurity
sample9347.wasm,javascript,unknown,no,GeeksOnSecurity
sample9075.wasm,javascript,unknown,no,GeeksOnSecurity
sample915.wasm,javascript,unknown,no,GeeksOnSecurity
sample9632.wasm,javascript,unknown,no,GeeksOnSecurity
Label_00000216593.doc.wasm,javascript,unknown,no,GeeksOnSecurity
sample9211.wasm,javascript,unknown,no,GeeksOnSecurity
sample9465.wasm,javascript,unknown,no,GeeksOnSecurity
37827451b28212bafb4deebadf7e727a_img_BNf5L0.wasm,javascript,unknown,no,GeeksOnSecurity
sample9267.wasm,javascript,unknown,no,GeeksOnSecurity
sample9262.wasm,javascript,unknown,no,GeeksOnSecurity
146077b3af664c9db29679fc4af3986b_Court_Notification_00445891.doc.wasm,javascript,unknown,no,GeeksOnSecurity
sample9129.wasm,javascript,unknown,no,GeeksOnSecurity
sample9478.wasm,javascript,unknown,no,GeeksOnSecurity
f7a45419dbd166c29747efd8f184301c_Notice_to_Appear_0000632325.doc.wasm,javascript,unknown,no,GeeksOnSecurity
252b51fa5f69b579b5940b145c58c44c_invoice_scan_j1URXl.docx.wasm,javascript,unknown,no,GeeksOnSecurity
sample9723.wasm,javascript,unknown,no,GeeksOnSecurity
sample9779.wasm,javascript,unknown,no,GeeksOnSecurity
sample9522.wasm,javascript,unknown,no,GeeksOnSecurity
sample9745.wasm,javascript,unknown,no,GeeksOnSecurity
sample929.wasm,javascript,unknown,no,GeeksOnSecurity
sample9436.wasm,javascript,unknown,no,GeeksOnSecurity
sample9890.wasm,javascript,unknown,no,GeeksOnSecurity
1e20314992ffac4916629a086e78841b_src_resume.wasm,javascript,unknown,no,GeeksOnSecurity
sample9525.wasm,javascript,unknown,no,GeeksOnSecurity
sample939.wasm,javascript,unknown,no,GeeksOnSecurity
sample9547.wasm,javascript,unknown,no,GeeksOnSecurity
53e4536692c3224c2ed54f3a8d56d65d_info_RKHu4S1bB6k.wasm,javascript,unknown,no,GeeksOnSecurity
sample9660.wasm,javascript,unknown,no,GeeksOnSecurity
sample9372.wasm,javascript,unknown,no,GeeksOnSecurity
sample9291.wasm,javascript,unknown,no,GeeksOnSecurity
sample9413.wasm,javascript,unknown,no,GeeksOnSecurity
00171176.doc.wasm,javascript,unknown,no,GeeksOnSecurity
681a5db96378bade19f1a14ac2365605_FedEx_0000525375.doc.wasm,javascript,unknown,no,GeeksOnSecurity
sample9049.wasm,javascript,unknown,no,GeeksOnSecurity
sample9707.wasm,javascript,unknown,no,GeeksOnSecurity
sample912.wasm,javascript,unknown,no,GeeksOnSecurity
sample9624.wasm,javascript,unknown,no,GeeksOnSecurity
sample9175.wasm,javascript,unknown,no,GeeksOnSecurity
6ead2e6e5a7f878be1a0ddb2cf4b61f0_document.0000748287.doc.wasm,javascript,unknown,no,GeeksOnSecurity
sample9351.wasm,javascript,unknown,no,GeeksOnSecurity
sample9140.wasm,javascript,unknown,no,GeeksOnSecurity
sample9708.wasm,javascript,unknown,no,GeeksOnSecurity
sample9773.wasm,javascript,unknown,no,GeeksOnSecurity
sample9668.wasm,javascript,unknown,no,GeeksOnSecurity
sample9697.wasm,javascript,unknown,no,GeeksOnSecurity
sample9742.wasm,javascript,unknown,no,GeeksOnSecurity
sample9033.wasm,javascript,unknown,no,GeeksOnSecurity
sample9253.wasm,javascript,unknown,no,GeeksOnSecurity
sample9103.wasm,javascript,unknown,no,GeeksOnSecurity
sample9289.wasm,javascript,unknown,no,GeeksOnSecurity
sample9227.wasm,javascript,unknown,no,GeeksOnSecurity
sample9592.wasm,javascript,unknown,no,GeeksOnSecurity
sample9004.wasm,javascript,unknown,no,GeeksOnSecurity
sample9842.wasm,javascript,unknown,no,GeeksOnSecurity
sample9264.wasm,javascript,unknown,no,GeeksOnSecurity
a36d5bfb4e1fe4582610f8e7df64121d_doc_SQ10Fn6SRM3.wasm,javascript,unknown,no,GeeksOnSecurity
83200a18ffa2bc5e52ef547905f044f6_invoice_scan_Q7pYE3.wasm,javascript,unknown,no,GeeksOnSecurity
Delivery_Notification_0000197896.doc.wasm,javascript,unknown,no,GeeksOnSecurity
43f0b486339e78c39c5ef940246a83ca_resume_1173442506.wasm,javascript,unknown,no,GeeksOnSecurity
sample9237.wasm,javascript,unknown,no,GeeksOnSecurity
7ab32dd2482a7c711ab84d08cc68a04e_My_resume_Lane_Cooley.wasm,javascript,unknown,no,GeeksOnSecurity
sample9643.wasm,javascript,unknown,no,GeeksOnSecurity
sample9486.wasm,javascript,unknown,no,GeeksOnSecurity
sample9335.wasm,javascript,unknown,no,GeeksOnSecurity
sample9065.wasm,javascript,unknown,no,GeeksOnSecurity
sample9698.wasm,javascript,unknown,no,GeeksOnSecurity
sample9686.wasm,javascript,unknown,no,GeeksOnSecurity
sample9791.wasm,javascript,unknown,no,GeeksOnSecurity
sample9782.wasm,javascript,unknown,no,GeeksOnSecurity
sample9152.wasm,javascript,unknown,no,GeeksOnSecurity
sample9319.wasm,javascript,unknown,no,GeeksOnSecurity
sample9405.wasm,javascript,unknown,no,GeeksOnSecurity
sample9829.wasm,javascript,unknown,no,GeeksOnSecurity
sample9798.wasm,javascript,unknown,no,GeeksOnSecurity
sample9672.wasm,javascript,unknown,no,GeeksOnSecurity
sample9330.wasm,javascript,unknown,no,GeeksOnSecurity
sample9209.wasm,javascript,unknown,no,GeeksOnSecurity
sample9009.wasm,javascript,unknown,no,GeeksOnSecurity
sample9279.wasm,javascript,unknown,no,GeeksOnSecurity
2016-03-02-kiwitemplates.com-core_injected.wasm,javascript,unknown,no,GeeksOnSecurity
sample9044.wasm,javascript,unknown,no,GeeksOnSecurity
sample9766.wasm,javascript,unknown,no,GeeksOnSecurity
sample9564.wasm,javascript,unknown,no,GeeksOnSecurity
d19cfa942a781be1e3453c149781a648_invoice_copy_bMkMR2.wasm,javascript,unknown,no,GeeksOnSecurity
sample9692.wasm,javascript,unknown,no,GeeksOnSecurity
sample9702.wasm,javascript,unknown,no,GeeksOnSecurity
sample9414.wasm,javascript,unknown,no,GeeksOnSecurity
sample9828.wasm,javascript,unknown,no,GeeksOnSecurity
sample987.wasm,javascript,unknown,no,GeeksOnSecurity
8586005f2d663e21202aeda002ad1925_My_resume_Edgar_Yates.wasm,javascript,unknown,no,GeeksOnSecurity
sample9630.wasm,javascript,unknown,no,GeeksOnSecurity
sample972.wasm,javascript,unknown,no,GeeksOnSecurity
sample9206.wasm,javascript,unknown,no,GeeksOnSecurity
sample9188.wasm,javascript,unknown,no,GeeksOnSecurity
sample9053.wasm,javascript,unknown,no,GeeksOnSecurity
sample9430.wasm,javascript,unknown,no,GeeksOnSecurity
sample9536.wasm,javascript,unknown,no,GeeksOnSecurity
sample9216.wasm,javascript,unknown,no,GeeksOnSecurity
sample9093.wasm,javascript,unknown,no,GeeksOnSecurity
38167e1b4bac665801255769a55afacf_Gewebestruktur_507.pdf.wasm,javascript,unknown,no,GeeksOnSecurity
sample9055.wasm,javascript,unknown,no,GeeksOnSecurity
sample9020.wasm,javascript,unknown,no,GeeksOnSecurity
sample9170.wasm,javascript,unknown,no,GeeksOnSecurity
64f8a27a44e4202076ef8d6314999ee6_info_PXGLD1P8Str.wasm,javascript,unknown,no,GeeksOnSecurity
sample9272.wasm,javascript,unknown,no,GeeksOnSecurity
4ba28140989ddc86a7a8e8f3da02ff63_doc_Yf3bJWZoJEI.wasm,javascript,unknown,no,GeeksOnSecurity
sample9519.wasm,javascript,unknown,no,GeeksOnSecurity
sample9165.wasm,javascript,unknown,no,GeeksOnSecurity
sample9236.wasm,javascript,unknown,no,GeeksOnSecurity
sample982.wasm,javascript,unknown,no,GeeksOnSecurity
sample9218.wasm,javascript,unknown,no,GeeksOnSecurity
sample9770.wasm,javascript,unknown,no,GeeksOnSecurity
sample936.wasm,javascript,unknown,no,GeeksOnSecurity
sample9526.wasm,javascript,unknown,no,GeeksOnSecurity
sample9327.wasm,javascript,unknown,no,GeeksOnSecurity
ea8482f3d89132928ff2d754d6f1243b_doc_KH7U42GpGYF.wasm,javascript,unknown,no,GeeksOnSecurity
sample9636.wasm,javascript,unknown,no,GeeksOnSecurity
sample976.wasm,javascript,unknown,no,GeeksOnSecurity
sample9024.wasm,javascript,unknown,no,GeeksOnSecurity
sample9772.wasm,javascript,unknown,no,GeeksOnSecurity
sample9309.wasm,javascript,unknown,no,GeeksOnSecurity
sample9239.wasm,javascript,unknown,no,GeeksOnSecurity
E-ZPass_00342193.doc.wasm,javascript,unknown,no,GeeksOnSecurity
sample9737.wasm,javascript,unknown,no,GeeksOnSecurity
sample980.wasm,javascript,unknown,no,GeeksOnSecurity
sample9215.wasm,javascript,unknown,no,GeeksOnSecurity
E-ZPass_0000979669.doc.wasm,javascript,unknown,no,GeeksOnSecurity
sample9821.wasm,javascript,unknown,no,GeeksOnSecurity
076ff2e48b0bdecf6ccb55728d3864ce_invoice_copy_dZxsQt.wasm,javascript,unknown,no,GeeksOnSecurity
sample9463.wasm,javascript,unknown,no,GeeksOnSecurity
sample9012.wasm,javascript,unknown,no,GeeksOnSecurity
sample9409.wasm,javascript,unknown,no,GeeksOnSecurity
sample9450.wasm,javascript,unknown,no,GeeksOnSecurity
sample9717.wasm,javascript,unknown,no,GeeksOnSecurity
sample9780.wasm,javascript,unknown,no,GeeksOnSecurity
b974110b6de607a991c10adb7ea78a0a_invoice_copy_RtVXY4iDwX2.wasm,javascript,unknown,no,GeeksOnSecurity
sample9640.wasm,javascript,unknown,no,GeeksOnSecurity
sample959.wasm,javascript,unknown,no,GeeksOnSecurity
sample9373.wasm,javascript,unknown,no,GeeksOnSecurity
sample9573.wasm,javascript,unknown,no,GeeksOnSecurity
sample9594.wasm,javascript,unknown,no,GeeksOnSecurity
sample9449.wasm,javascript,unknown,no,GeeksOnSecurity
sample9186.wasm,javascript,unknown,no,GeeksOnSecurity
sample9354.wasm,javascript,unknown,no,GeeksOnSecurity
f89e386977f2a10c709d925c673b823c_invoice_cc0mlo.wasm,javascript,unknown,no,GeeksOnSecurity
sample9728.wasm,javascript,unknown,no,GeeksOnSecurity
sample9581.wasm,javascript,unknown,no,GeeksOnSecurity
sample9619.wasm,javascript,unknown,no,GeeksOnSecurity
sample9815.wasm,javascript,unknown,no,GeeksOnSecurity
sample9394.wasm,javascript,unknown,no,GeeksOnSecurity
sample9498.wasm,javascript,unknown,no,GeeksOnSecurity
sample9577.wasm,javascript,unknown,no,GeeksOnSecurity
sample944.wasm,javascript,unknown,no,GeeksOnSecurity
Notice_to_Appear_00000367101.doc.wasm,javascript,unknown,no,GeeksOnSecurity
sample9713.wasm,javascript,unknown,no,GeeksOnSecurity
sample9198.wasm,javascript,unknown,no,GeeksOnSecurity
00106064.doc.wasm,javascript,unknown,no,GeeksOnSecurity
AnglerEK_IE11_32bits_Landing_CVE-2014-4130.wasm,javascript,unknown,no,GeeksOnSecurity
sample9855.wasm,javascript,unknown,no,GeeksOnSecurity
00358520.doc.wasm,javascript,unknown,no,GeeksOnSecurity
cfc6b85b8c5057aba491ee904161b7a4_Tax_Refund_00204251_Processed.doc.wasm,javascript,unknown,no,GeeksOnSecurity
sample9057.wasm,javascript,unknown,no,GeeksOnSecurity
sample9843.wasm,javascript,unknown,no,GeeksOnSecurity
private_exploit_pack_cve.wasm,javascript,unknown,no,GeeksOnSecurity
sample9194.wasm,javascript,unknown,no,GeeksOnSecurity
sample9197.wasm,javascript,unknown,no,GeeksOnSecurity
sample901.wasm,javascript,unknown,no,GeeksOnSecurity
sample9811.wasm,javascript,unknown,no,GeeksOnSecurity
sample97.wasm,javascript,unknown,no,GeeksOnSecurity
ec1f2e9ca4bfe5e85d99ed0807220298_kostenaufwand_70595094.pdf.wasm,javascript,unknown,no,GeeksOnSecurity
sample9214.wasm,javascript,unknown,no,GeeksOnSecurity
sample9248.wasm,javascript,unknown,no,GeeksOnSecurity
sample9839.wasm,javascript,unknown,no,GeeksOnSecurity
sample9637.wasm,javascript,unknown,no,GeeksOnSecurity
sample9363.wasm,javascript,unknown,no,GeeksOnSecurity
ebedf60a71e1e6a6899484307623f013_invoice_L92K9K.wasm,javascript,unknown,no,GeeksOnSecurity
eca8241881f6adea2fcae04d6be3ff7f_img_copy_wkpOTQ.wasm,javascript,unknown,no,GeeksOnSecurity
sample9048.wasm,javascript,unknown,no,GeeksOnSecurity
sample9629.wasm,javascript,unknown,no,GeeksOnSecurity
sample9831.wasm,javascript,unknown,no,GeeksOnSecurity
Lyle_Travis.wasm,javascript,unknown,no,GeeksOnSecurity
sample9456.wasm,javascript,unknown,no,GeeksOnSecurity
b9289e6100a45a4d2f71be299df4de6d_invoice_scan_RmNOnI.xls.wasm,javascript,unknown,no,GeeksOnSecurity
sample9118.wasm,javascript,unknown,no,GeeksOnSecurity
sample9102.wasm,javascript,unknown,no,GeeksOnSecurity
sample9426.wasm,javascript,unknown,no,GeeksOnSecurity
sample9189.wasm,javascript,unknown,no,GeeksOnSecurity
sample9340.wasm,javascript,unknown,no,GeeksOnSecurity
2016-03-02-kiwitemplates.com-mootools-core_injected.wasm,javascript,unknown,no,GeeksOnSecurity
sample911.wasm,javascript,unknown,no,GeeksOnSecurity
90453c7e9ef1bde4ca4394a5bad4e2a5_Notice_to_Appear_000491405.doc.wasm,javascript,unknown,no,GeeksOnSecurity
sample9002.wasm,javascript,unknown,no,GeeksOnSecurity
sample9701.wasm,javascript,unknown,no,GeeksOnSecurity
sample91.wasm,javascript,unknown,no,GeeksOnSecurity
sample9302.wasm,javascript,unknown,no,GeeksOnSecurity
sample967.wasm,javascript,unknown,no,GeeksOnSecurity
Label_00000741102.doc.wasm,javascript,unknown,no,GeeksOnSecurity
06d4d5124ca33ffe8804923bd8c163bc_fax00000321502.doc.wasm,javascript,unknown,no,GeeksOnSecurity
sample9634.wasm,javascript,unknown,no,GeeksOnSecurity
sample9481.wasm,javascript,unknown,no,GeeksOnSecurity
sample9343.wasm,javascript,unknown,no,GeeksOnSecurity
sample9182.wasm,javascript,unknown,no,GeeksOnSecurity
sample9378.wasm,javascript,unknown,no,GeeksOnSecurity
sample9051.wasm,javascript,unknown,no,GeeksOnSecurity
Lewis_Kim.wasm,javascript,unknown,no,GeeksOnSecurity
sample9689.wasm,javascript,unknown,no,GeeksOnSecurity
4adcc5ecc41114f69642b186b47d7118_invoice_VM2437.wasm,javascript,unknown,no,GeeksOnSecurity
sample9177.wasm,javascript,unknown,no,GeeksOnSecurity
sample9521.wasm,javascript,unknown,no,GeeksOnSecurity
E-ZPass_0000494292.doc.wasm,javascript,unknown,no,GeeksOnSecurity
Court_Notification_00000315932.doc.wasm,javascript,unknown,no,GeeksOnSecurity
sample9090.wasm,javascript,unknown,no,GeeksOnSecurity
sample9823.wasm,javascript,unknown,no,GeeksOnSecurity
bdf745980c093b6fc42f00ba3cacc57d_doc_bYs3Es2nDAO.wasm,javascript,unknown,no,GeeksOnSecurity
sample9173.wasm,javascript,unknown,no,GeeksOnSecurity
sample905.wasm,javascript,unknown,no,GeeksOnSecurity
sample9072.wasm,javascript,unknown,no,GeeksOnSecurity
sample9433.wasm,javascript,unknown,no,GeeksOnSecurity
sample9037.wasm,javascript,unknown,no,GeeksOnSecurity
sample9323.wasm,javascript,unknown,no,GeeksOnSecurity
sample9830.wasm,javascript,unknown,no,GeeksOnSecurity
sample9760.wasm,javascript,unknown,no,GeeksOnSecurity
2016-03-02-page-from-dompetdhuafa.org.au-with-injected-script.wasm,javascript,unknown,no,GeeksOnSecurity
Notice_to_Appear_00218304.doc.wasm,javascript,unknown,no,GeeksOnSecurity
sample962.wasm,javascript,unknown,no,GeeksOnSecurity
sample9311.wasm,javascript,unknown,no,GeeksOnSecurity
sample9864.wasm,javascript,unknown,no,GeeksOnSecurity
sample9125.wasm,javascript,unknown,no,GeeksOnSecurity
sample9287.wasm,javascript,unknown,no,GeeksOnSecurity
sample9663.wasm,javascript,unknown,no,GeeksOnSecurity
sample9754.wasm,javascript,unknown,no,GeeksOnSecurity
sample9041.wasm,javascript,unknown,no,GeeksOnSecurity
sample9124.wasm,javascript,unknown,no,GeeksOnSecurity
sample935.wasm,javascript,unknown,no,GeeksOnSecurity
sample9176.wasm,javascript,unknown,no,GeeksOnSecurity
sample9560.wasm,javascript,unknown,no,GeeksOnSecurity
sample9758.wasm,javascript,unknown,no,GeeksOnSecurity
sample938.wasm,javascript,unknown,no,GeeksOnSecurity
sample9805.wasm,javascript,unknown,no,GeeksOnSecurity
sample9422.wasm,javascript,unknown,no,GeeksOnSecurity
sample902.wasm,javascript,unknown,no,GeeksOnSecurity
Label_000519210.doc.wasm,javascript,unknown,no,GeeksOnSecurity
b53924993a488ab1c368bd727195a025_document_00182629.doc.wasm,javascript,unknown,no,GeeksOnSecurity
sample9729.wasm,javascript,unknown,no,GeeksOnSecurity
injected_code.wasm,javascript,unknown,no,GeeksOnSecurity
sample9669.wasm,javascript,unknown,no,GeeksOnSecurity
sample9813.wasm,javascript,unknown,no,GeeksOnSecurity
sample9388.wasm,javascript,unknown,no,GeeksOnSecurity
sample9541.wasm,javascript,unknown,no,GeeksOnSecurity
sample9579.wasm,javascript,unknown,no,GeeksOnSecurity
sample9817.wasm,javascript,unknown,no,GeeksOnSecurity
sample9317.wasm,javascript,unknown,no,GeeksOnSecurity
sample9028.wasm,javascript,unknown,no,GeeksOnSecurity
sample9610.wasm,javascript,unknown,no,GeeksOnSecurity
7475d1df58a7362ca725577192345b7f_task-000904338.doc.wasm,javascript,unknown,no,GeeksOnSecurity
sample9690.wasm,javascript,unknown,no,GeeksOnSecurity
sample9563.wasm,javascript,unknown,no,GeeksOnSecurity
sample9699.wasm,javascript,unknown,no,GeeksOnSecurity
sample9101.wasm,javascript,unknown,no,GeeksOnSecurity
sample9096.wasm,javascript,unknown,no,GeeksOnSecurity
sample9315.wasm,javascript,unknown,no,GeeksOnSecurity
sample9395.wasm,javascript,unknown,no,GeeksOnSecurity
8563c815fdef4ef59181c6aa19d98922_invoice_copy_T9slL1.xls.wasm,javascript,unknown,no,GeeksOnSecurity
sample9141.wasm,javascript,unknown,no,GeeksOnSecurity
sample9336.wasm,javascript,unknown,no,GeeksOnSecurity
sample9471.wasm,javascript,unknown,no,GeeksOnSecurity
sample9826.wasm,javascript,unknown,no,GeeksOnSecurity
bluegrassrivals.com_obfuscated.wasm,unknown,cryptojacking,yes,MINOS: A Lightweight Real-Time Cryptojacking Detection System
justproxy.co.uk_obfuscated.wasm,unknown,cryptojacking,yes,MINOS: A Lightweight Real-Time Cryptojacking Detection System
cryptpnight_obfuscated.wasm,unknown,cryptojacking,yes,MINOS: A Lightweight Real-Time Cryptojacking Detection System
draftdayprospects.com_fd349fd98c7740ae.ok_obfuscated.wasm,unknown,cryptojacking,yes,MINOS: A Lightweight Real-Time Cryptojacking Detection System
jazecminer_obfuscated.wasm,unknown,cryptojacking,yes,MINOS: A Lightweight Real-Time Cryptojacking Detection System
webminer_v1_obfuscated.wasm,unknown,cryptojacking,yes,MINOS: A Lightweight Real-Time Cryptojacking Detection System
worker_obfuscated.wasm,unknown,cryptojacking,yes,MINOS: A Lightweight Real-Time Cryptojacking Detection System
